web-scraper-order,web-scraper-start-url,link,link-href,brand-name
"1647878040-2325","https://www.orderchamp.com/nl/marketplace?sort=popularity&country=NL","","https://www.orderchamp.com/nl/store/i-juf-you","TWO YOU LABEL"
"1647877919-2272","https://www.orderchamp.com/nl/marketplace?sort=popularity&country=NL","","https://www.orderchamp.com/nl/store/siennax","SiennaX"
"1647877158-1943","https://www.orderchamp.com/nl/marketplace?sort=popularity&country=NL","","https://www.orderchamp.com/nl/store/your-belt","Your Belt"
"1647877431-2059","https://www.orderchamp.com/nl/marketplace?sort=popularity&country=NL","","https://www.orderchamp.com/nl/store/concave-bv","DillySocks"
"1647876994-1871","https://www.orderchamp.com/nl/marketplace?sort=popularity&country=NL","","https://www.orderchamp.com/nl/store/crafters-by-kikkerland","Crafters - by Kikkerland"
"1647877715-2184","https://www.orderchamp.com/nl/marketplace?sort=popularity&country=NL","","https://www.orderchamp.com/nl/store/boho-cosmetics","Boho Cosmetics"
"1647877042-1892","https://www.orderchamp.com/nl/marketplace?sort=popularity&country=NL","","https://www.orderchamp.com/nl/store/sprelink","Sprelink"
"1647877643-2152","https://www.orderchamp.com/nl/marketplace?sort=popularity&country=NL","","https://www.orderchamp.com/nl/store/jacky-j-living","Goedkope Amberblokjes"
"1647877579-2125","https://www.orderchamp.com/nl/marketplace?sort=popularity&country=NL","","https://www.orderchamp.com/nl/store/van-kira","van Kira"
"1647877679-2168","https://www.orderchamp.com/nl/marketplace?sort=popularity&country=NL","","https://www.orderchamp.com/nl/store/paper24","Paper24"
"1647876972-1861","https://www.orderchamp.com/nl/marketplace?sort=popularity&country=NL","","https://www.orderchamp.com/nl/store/omaybags","Omaybags"
"1647877841-2239","https://www.orderchamp.com/nl/marketplace?sort=popularity&country=NL","","https://www.orderchamp.com/nl/store/label-my-light","Label my Light"
"1647878035-2323","https://www.orderchamp.com/nl/marketplace?sort=popularity&country=NL","","https://www.orderchamp.com/nl/store/cotton-art","Cotton Art"
"1647877176-1951","https://www.orderchamp.com/nl/marketplace?sort=popularity&country=NL","","https://www.orderchamp.com/nl/store/stickerheld","Stickerheld"
"1647877992-2304","https://www.orderchamp.com/nl/marketplace?sort=popularity&country=NL","","https://www.orderchamp.com/nl/store/karitree","Karitree - Luxury that doesn't cost the earth"
"1647877677-2167","https://www.orderchamp.com/nl/marketplace?sort=popularity&country=NL","","https://www.orderchamp.com/nl/store/anne-adriana","Anne Adriana"
"1647878007-2311","https://www.orderchamp.com/nl/marketplace?sort=popularity&country=NL","","https://www.orderchamp.com/nl/store/aqua-licious","Aqua licious"
"1647877245-1981","https://www.orderchamp.com/nl/marketplace?sort=popularity&country=NL","","https://www.orderchamp.com/nl/store/jozemiek","Jozemiek"
"1647877850-2243","https://www.orderchamp.com/nl/marketplace?sort=popularity&country=NL","","https://www.orderchamp.com/nl/store/huupieshop","Huupieshop"
"1647877843-2240","https://www.orderchamp.com/nl/marketplace?sort=popularity&country=NL","","https://www.orderchamp.com/nl/store/bybean","byBean"
"1647877845-2241","https://www.orderchamp.com/nl/marketplace?sort=popularity&country=NL","","https://www.orderchamp.com/nl/store/lantara","LANTARA"
"1647877101-1918","https://www.orderchamp.com/nl/marketplace?sort=popularity&country=NL","","https://www.orderchamp.com/nl/store/mable","Mable"
"1647876939-1847","https://www.orderchamp.com/nl/marketplace?sort=popularity&country=NL","","https://www.orderchamp.com/nl/store/happy-soaps","HappySoaps"
"1647877074-1906","https://www.orderchamp.com/nl/marketplace?sort=popularity&country=NL","","https://www.orderchamp.com/nl/store/julias-delicious-world-bv","Julia's Delicious World"
"1647877922-2273","https://www.orderchamp.com/nl/marketplace?sort=popularity&country=NL","","https://www.orderchamp.com/nl/store/lief-label","Lief Label"
"1647877127-1929","https://www.orderchamp.com/nl/marketplace?sort=popularity&country=NL","","https://www.orderchamp.com/nl/store/studio-paper","Studio Paper"
"1647877894-2261","https://www.orderchamp.com/nl/marketplace?sort=popularity&country=NL","","https://www.orderchamp.com/nl/store/primal-essence","Primal Essence"
"1647877804-2223","https://www.orderchamp.com/nl/marketplace?sort=popularity&country=NL","","https://www.orderchamp.com/nl/store/wander-by-elise","Wander by Elise"
"1647877122-1927","https://www.orderchamp.com/nl/marketplace?sort=popularity&country=NL","","https://www.orderchamp.com/nl/store/sphynx-cosmetics-bv","Sphynx Cosmetics B.V."
"1647877008-1877","https://www.orderchamp.com/nl/marketplace?sort=popularity&country=NL","","https://www.orderchamp.com/nl/store/whattheconcept-1781688686477313","whattheconcept"
"1647877249-1983","https://www.orderchamp.com/nl/marketplace?sort=popularity&country=NL","","https://www.orderchamp.com/nl/store/kitchen-trend","Kitchen Trend"
"1647877786-2215","https://www.orderchamp.com/nl/marketplace?sort=popularity&country=NL","","https://www.orderchamp.com/nl/store/mrsbloom","MrsBLOOM"
"1647877978-2298","https://www.orderchamp.com/nl/marketplace?sort=popularity&country=NL","","https://www.orderchamp.com/nl/store/poppiezz","Poppiezz"
"1647877818-2229","https://www.orderchamp.com/nl/marketplace?sort=popularity&country=NL","","https://www.orderchamp.com/nl/store/label2x","Label2X"
"1647877467-2075","https://www.orderchamp.com/nl/marketplace?sort=popularity&country=NL","","https://www.orderchamp.com/nl/store/on-my-mint","ON MY MINT"
"1647877831-2235","https://www.orderchamp.com/nl/marketplace?sort=popularity&country=NL","","https://www.orderchamp.com/nl/store/boutique-ratatouille","Ratatouille - Creative Studio"
"1647877489-2085","https://www.orderchamp.com/nl/marketplace?sort=popularity&country=NL","","https://www.orderchamp.com/nl/store/yetvisser","yetvisser"
"1647877149-1939","https://www.orderchamp.com/nl/marketplace?sort=popularity&country=NL","","https://www.orderchamp.com/nl/store/studio-dennis-parren","Studio Dennis Parren"
"1647877099-1917","https://www.orderchamp.com/nl/marketplace?sort=popularity&country=NL","","https://www.orderchamp.com/nl/store/canndle","Canndle"
"1647877136-1933","https://www.orderchamp.com/nl/marketplace?sort=popularity&country=NL","","https://www.orderchamp.com/nl/store/zaya-jewellery","Zaya Jewellery"
"1647877788-2216","https://www.orderchamp.com/nl/marketplace?sort=popularity&country=NL","","https://www.orderchamp.com/nl/store/liefs-jansje","Liefs Jansje"
"1647877657-2158","https://www.orderchamp.com/nl/marketplace?sort=popularity&country=NL","","https://www.orderchamp.com/nl/store/peek-a-beau","Peek-a-Beau"
"1647877469-2076","https://www.orderchamp.com/nl/marketplace?sort=popularity&country=NL","","https://www.orderchamp.com/nl/store/blue-monday-coffee","Blue Monday Coffee"
"1647877634-2148","https://www.orderchamp.com/nl/marketplace?sort=popularity&country=NL","","https://www.orderchamp.com/nl/store/monsieur-barbier-nl","Monsieur Barbier"
"1647877023-1884","https://www.orderchamp.com/nl/marketplace?sort=popularity&country=NL","","https://www.orderchamp.com/nl/store/opscala","Hills & Field"
"1647877299-2005","https://www.orderchamp.com/nl/marketplace?sort=popularity&country=NL","","https://www.orderchamp.com/nl/store/kruselings","Kruselings"
"1647877399-2045","https://www.orderchamp.com/nl/marketplace?sort=popularity&country=NL","","https://www.orderchamp.com/nl/store/pole-to-pole","Pole To Pole"
"1647876930-1843","https://www.orderchamp.com/nl/marketplace?sort=popularity&country=NL","","https://www.orderchamp.com/nl/store/glossworks","Glossworks"
"1647877188-1956","https://www.orderchamp.com/nl/marketplace?sort=popularity&country=NL","","https://www.orderchamp.com/nl/store/nextpage-edesign","Party-cap.com"
"1647876967-1859","https://www.orderchamp.com/nl/marketplace?sort=popularity&country=NL","","https://www.orderchamp.com/nl/store/mayoneur-bv","MAYONEUR"
"1647877370-2032","https://www.orderchamp.com/nl/marketplace?sort=popularity&country=NL","","https://www.orderchamp.com/nl/store/bunnies-jr","Bunnies jr"
"1647877216-1968","https://www.orderchamp.com/nl/marketplace?sort=popularity&country=NL","","https://www.orderchamp.com/nl/store/puabi","PUABI"
"1647877481-2081","https://www.orderchamp.com/nl/marketplace?sort=popularity&country=NL","","https://www.orderchamp.com/nl/store/to-remember","To Remember"
"1647877010-1878","https://www.orderchamp.com/nl/marketplace?sort=popularity&country=NL","","https://www.orderchamp.com/nl/store/sompex-benelux","Sompex Benelux"
"1647877436-2061","https://www.orderchamp.com/nl/marketplace?sort=popularity&country=NL","","https://www.orderchamp.com/nl/store/curve-and-you","Curve and You"
"1647877892-2260","https://www.orderchamp.com/nl/marketplace?sort=popularity&country=NL","","https://www.orderchamp.com/nl/store/liefs-van-emma","Liefs van Emma"
"1647877427-2057","https://www.orderchamp.com/nl/marketplace?sort=popularity&country=NL","","https://www.orderchamp.com/nl/store/sella-molenaar","Sella Molenaar"
"1647877777-2211","https://www.orderchamp.com/nl/marketplace?sort=popularity&country=NL","","https://www.orderchamp.com/nl/store/saumur-interior-styling","SAUMUR Iabel"
"1647877795-2219","https://www.orderchamp.com/nl/marketplace?sort=popularity&country=NL","","https://www.orderchamp.com/nl/store/beachie","Beachie"
"1647877256-1986","https://www.orderchamp.com/nl/marketplace?sort=popularity&country=NL","","https://www.orderchamp.com/nl/store/joy-kitchen","Joy Kitchen"
"1647877274-1994","https://www.orderchamp.com/nl/marketplace?sort=popularity&country=NL","","https://www.orderchamp.com/nl/store/sprankelz","DayaOliva"
"1647878065-2336","https://www.orderchamp.com/nl/marketplace?sort=popularity&country=NL","","https://www.orderchamp.com/nl/store/remember","Remember"
"1647877772-2209","https://www.orderchamp.com/nl/marketplace?sort=popularity&country=NL","","https://www.orderchamp.com/nl/store/lundholm","Lundholm"
"1647878028-2320","https://www.orderchamp.com/nl/marketplace?sort=popularity&country=NL","","https://www.orderchamp.com/nl/store/bornnaked","BORNNAKED"
"1647877478-2080","https://www.orderchamp.com/nl/marketplace?sort=popularity&country=NL","","https://www.orderchamp.com/nl/store/studio-97","Studio 97"
"1647877951-2286","https://www.orderchamp.com/nl/marketplace?sort=popularity&country=NL","","https://www.orderchamp.com/nl/store/hollandsche-waaren","Hollandsche Waaren"
"1647877088-1912","https://www.orderchamp.com/nl/marketplace?sort=popularity&country=NL","","https://www.orderchamp.com/nl/store/bendl","Bendl"
"1647877813-2227","https://www.orderchamp.com/nl/marketplace?sort=popularity&country=NL","","https://www.orderchamp.com/nl/store/blue-barn-jeans","Blue Barn Jeans"
"1647877581-2126","https://www.orderchamp.com/nl/marketplace?sort=popularity&country=NL","","https://www.orderchamp.com/nl/store/frank-1967","Frank 1967"
"1647877263-1989","https://www.orderchamp.com/nl/marketplace?sort=popularity&country=NL","","https://www.orderchamp.com/nl/store/west-coast-general-store-vof","West Coast General Store"
"1647877507-2093","https://www.orderchamp.com/nl/marketplace?sort=popularity&country=NL","","https://www.orderchamp.com/nl/store/bagyourplant","BagYourPlant"
"1647877120-1926","https://www.orderchamp.com/nl/marketplace?sort=popularity&country=NL","","https://www.orderchamp.com/nl/store/pureshopping","FloralKings"
"1647877397-2044","https://www.orderchamp.com/nl/marketplace?sort=popularity&country=NL","","https://www.orderchamp.com/nl/store/designed-by-man","Designed by Man"
"1647877005-1876","https://www.orderchamp.com/nl/marketplace?sort=popularity&country=NL","","https://www.orderchamp.com/nl/store/handels-onderneming-bladt","Julian's Grills"
"1647877359-2027","https://www.orderchamp.com/nl/marketplace?sort=popularity&country=NL","","https://www.orderchamp.com/nl/store/warehouse-for-kids","Warehouse for Kids"
"1647877802-2222","https://www.orderchamp.com/nl/marketplace?sort=popularity&country=NL","","https://www.orderchamp.com/nl/store/rebottled","Rebottled"
"1647877985-2301","https://www.orderchamp.com/nl/marketplace?sort=popularity&country=NL","","https://www.orderchamp.com/nl/store/urban-cotton","Urban Cotton"
"1647877054-1897","https://www.orderchamp.com/nl/marketplace?sort=popularity&country=NL","","https://www.orderchamp.com/nl/store/tienenmiep","TINAs Sewing Studio"
"1647877729-2190","https://www.orderchamp.com/nl/marketplace?sort=popularity&country=NL","","https://www.orderchamp.com/nl/store/living-nature","Living Nature"
"1647877160-1944","https://www.orderchamp.com/nl/marketplace?sort=popularity&country=NL","","https://www.orderchamp.com/nl/store/bambooya","Bambooya"
"1647877404-2047","https://www.orderchamp.com/nl/marketplace?sort=popularity&country=NL","","https://www.orderchamp.com/nl/store/baby-stars","Baby Stars"
"1647877876-2253","https://www.orderchamp.com/nl/marketplace?sort=popularity&country=NL","","https://www.orderchamp.com/nl/store/weddingmusthave","Weddingmusthave"
"1647877822-2231","https://www.orderchamp.com/nl/marketplace?sort=popularity&country=NL","","https://www.orderchamp.com/nl/store/yousea","YouSea"
"1647876985-1867","https://www.orderchamp.com/nl/marketplace?sort=popularity&country=NL","","https://www.orderchamp.com/nl/store/schoolfotoboek","Schoolfotoboek"
"1647877722-2187","https://www.orderchamp.com/nl/marketplace?sort=popularity&country=NL","","https://www.orderchamp.com/nl/store/nordics","Nordics"
"1647877838-2238","https://www.orderchamp.com/nl/marketplace?sort=popularity&country=NL","","https://www.orderchamp.com/nl/store/muima","Muima"
"1647877205-1963","https://www.orderchamp.com/nl/marketplace?sort=popularity&country=NL","","https://www.orderchamp.com/nl/store/household-hardware","Household Hardware"
"1647877604-2136","https://www.orderchamp.com/nl/marketplace?sort=popularity&country=NL","","https://www.orderchamp.com/nl/store/cottonbaby","Cottonbaby"
"1647877577-2124","https://www.orderchamp.com/nl/marketplace?sort=popularity&country=NL","","https://www.orderchamp.com/nl/store/klepper-klepper","Klepper & Klepper"
"1647877332-2016","https://www.orderchamp.com/nl/marketplace?sort=popularity&country=NL","","https://www.orderchamp.com/nl/store/textielsupply","Textielsupply"
"1647877532-2104","https://www.orderchamp.com/nl/marketplace?sort=popularity&country=NL","","https://www.orderchamp.com/nl/store/chewies-more","Chewies & More"
"1647877552-2113","https://www.orderchamp.com/nl/marketplace?sort=popularity&country=NL","","https://www.orderchamp.com/nl/store/asdm-bv","Saules Fabrika Candles"
"1647877885-2257","https://www.orderchamp.com/nl/marketplace?sort=popularity&country=NL","","https://www.orderchamp.com/nl/store/liefs-van-roos","Liefs van Roos"
"1647877917-2271","https://www.orderchamp.com/nl/marketplace?sort=popularity&country=NL","","https://www.orderchamp.com/nl/store/vase-the-world","Vase The World"
"1647877855-2245","https://www.orderchamp.com/nl/marketplace?sort=popularity&country=NL","","https://www.orderchamp.com/nl/store/the-green-style","The Green Style"
"1647877595-2132","https://www.orderchamp.com/nl/marketplace?sort=popularity&country=NL","","https://www.orderchamp.com/nl/store/thalien","THALIEN"
"1647878005-2310","https://www.orderchamp.com/nl/marketplace?sort=popularity&country=NL","","https://www.orderchamp.com/nl/store/yoshiko","YOSHIKO"
"1647877494-2087","https://www.orderchamp.com/nl/marketplace?sort=popularity&country=NL","","https://www.orderchamp.com/nl/store/zuivere-koffie","Zuivere Koffie"
"1647877868-2250","https://www.orderchamp.com/nl/marketplace?sort=popularity&country=NL","","https://www.orderchamp.com/nl/store/veer-carpets","Veer Carpets"
"1647877695-2175","https://www.orderchamp.com/nl/marketplace?sort=popularity&country=NL","","https://www.orderchamp.com/nl/store/by-lout","By Lout"
"1647877310-2010","https://www.orderchamp.com/nl/marketplace?sort=popularity&country=NL","","https://www.orderchamp.com/nl/store/helemaalshea","HelemaalShea"
"1647877422-2055","https://www.orderchamp.com/nl/marketplace?sort=popularity&country=NL","","https://www.orderchamp.com/nl/store/barkzie","barkzie"
"1647877395-2043","https://www.orderchamp.com/nl/marketplace?sort=popularity&country=NL","","https://www.orderchamp.com/nl/store/wild-poppies","Wild Poppies"
"1647877501-2090","https://www.orderchamp.com/nl/marketplace?sort=popularity&country=NL","","https://www.orderchamp.com/nl/store/awaken-by-nature","Awaken by Nature"
"1647876974-1862","https://www.orderchamp.com/nl/marketplace?sort=popularity&country=NL","","https://www.orderchamp.com/nl/store/conperial","Chey Haircare"
"1647877270-1992","https://www.orderchamp.com/nl/marketplace?sort=popularity&country=NL","","https://www.orderchamp.com/nl/store/little-indians-bv","Little Indians Kidswear"
"1647877433-2060","https://www.orderchamp.com/nl/marketplace?sort=popularity&country=NL","","https://www.orderchamp.com/nl/store/keshi-studio","KESHI studio"
"1647877735-2193","https://www.orderchamp.com/nl/marketplace?sort=popularity&country=NL","","https://www.orderchamp.com/nl/store/la-fraicheur","La Fraîcheur®"
"1647877039-1891","https://www.orderchamp.com/nl/marketplace?sort=popularity&country=NL","","https://www.orderchamp.com/nl/store/hickory","Hickory"
"1647877608-2138","https://www.orderchamp.com/nl/marketplace?sort=popularity&country=NL","","https://www.orderchamp.com/nl/store/never-naked","NEVER NAKED"
"1647878069-2338","https://www.orderchamp.com/nl/marketplace?sort=popularity&country=NL","","https://www.orderchamp.com/nl/store/oolaboo","Oolaboo"
"1647877072-1905","https://www.orderchamp.com/nl/marketplace?sort=popularity&country=NL","","https://www.orderchamp.com/nl/store/marli-goods","Marli Goods"
"1647876932-1844","https://www.orderchamp.com/nl/marketplace?sort=popularity&country=NL","","https://www.orderchamp.com/nl/store/the-good-brand","The Good Brand"
"1647877528-2102","https://www.orderchamp.com/nl/marketplace?sort=popularity&country=NL","","https://www.orderchamp.com/nl/store/nix-kix","Nix & Kix"
"1647877241-1979","https://www.orderchamp.com/nl/marketplace?sort=popularity&country=NL","","https://www.orderchamp.com/nl/store/murale","Sferico"
"1647877147-1938","https://www.orderchamp.com/nl/marketplace?sort=popularity&country=NL","","https://www.orderchamp.com/nl/store/lunjatea","LunjaTea"
"1647877648-2154","https://www.orderchamp.com/nl/marketplace?sort=popularity&country=NL","","https://www.orderchamp.com/nl/store/dutch-nitrate-bv","Dutch Nitrate B.V."
"1647878067-2337","https://www.orderchamp.com/nl/marketplace?sort=popularity&country=NL","","https://www.orderchamp.com/nl/store/lastories","Lastories"
"1647878042-2326","https://www.orderchamp.com/nl/marketplace?sort=popularity&country=NL","","https://www.orderchamp.com/nl/store/coloring-method","Coloring Method"
"1647877664-2161","https://www.orderchamp.com/nl/marketplace?sort=popularity&country=NL","","https://www.orderchamp.com/nl/store/bonnie-studios","Bonnie Studios"
"1647877668-2163","https://www.orderchamp.com/nl/marketplace?sort=popularity&country=NL","","https://www.orderchamp.com/nl/store/meri-lou-living","Meri-Lou Living"
"1647877972-2295","https://www.orderchamp.com/nl/marketplace?sort=popularity&country=NL","","https://www.orderchamp.com/nl/store/ellastiek","Ellastiek"
"1647877124-1928","https://www.orderchamp.com/nl/marketplace?sort=popularity&country=NL","","https://www.orderchamp.com/nl/store/opus15","Opus15"
"1647877449-2067","https://www.orderchamp.com/nl/marketplace?sort=popularity&country=NL","","https://www.orderchamp.com/nl/store/elicious","Elicious"
"1647877781-2213","https://www.orderchamp.com/nl/marketplace?sort=popularity&country=NL","","https://www.orderchamp.com/nl/store/cicide-jewelry-amsterdam","CiCi'De Jewelry Amsterdam"
"1647877225-1972","https://www.orderchamp.com/nl/marketplace?sort=popularity&country=NL","","https://www.orderchamp.com/nl/store/yummygums","Yummygums France"
"1647877942-2282","https://www.orderchamp.com/nl/marketplace?sort=popularity&country=NL","","https://www.orderchamp.com/nl/store/woodlane-product","Woodlane"
"1647877223-1971","https://www.orderchamp.com/nl/marketplace?sort=popularity&country=NL","","https://www.orderchamp.com/nl/store/solid-only-bv","Solid Only"
"1647877834-2236","https://www.orderchamp.com/nl/marketplace?sort=popularity&country=NL","","https://www.orderchamp.com/nl/store/may21","May21"
"1647877793-2218","https://www.orderchamp.com/nl/marketplace?sort=popularity&country=NL","","https://www.orderchamp.com/nl/store/key-moments","Key Moments"
"1647877641-2151","https://www.orderchamp.com/nl/marketplace?sort=popularity&country=NL","","https://www.orderchamp.com/nl/store/moonie-by-mila","Moonie by Mila"
"1647877650-2155","https://www.orderchamp.com/nl/marketplace?sort=popularity&country=NL","","https://www.orderchamp.com/nl/store/pot-vol-liefde","Pot Vol Liefde"
"1647877438-2062","https://www.orderchamp.com/nl/marketplace?sort=popularity&country=NL","","https://www.orderchamp.com/nl/store/celebrate-what-you-eat","Celebrate What You Eat"
"1647877454-2069","https://www.orderchamp.com/nl/marketplace?sort=popularity&country=NL","","https://www.orderchamp.com/nl/store/freshdrip","FRESHDRIP"
"1647877820-2230","https://www.orderchamp.com/nl/marketplace?sort=popularity&country=NL","","https://www.orderchamp.com/nl/store/vers-van-de-pers","Vers van de pers"
"1647876969-1860","https://www.orderchamp.com/nl/marketplace?sort=popularity&country=NL","","https://www.orderchamp.com/nl/store/pimsa","Pimsa Kidswear"
"1647877342-2020","https://www.orderchamp.com/nl/marketplace?sort=popularity&country=NL","","https://www.orderchamp.com/nl/store/kobe","Kobe - by Kikkerland"
"1647877093-1914","https://www.orderchamp.com/nl/marketplace?sort=popularity&country=NL","","https://www.orderchamp.com/nl/store/seemly","Seemly"
"1647877283-1998","https://www.orderchamp.com/nl/marketplace?sort=popularity&country=NL","","https://www.orderchamp.com/nl/store/esva-design","Esva Design"
"1647877392-2042","https://www.orderchamp.com/nl/marketplace?sort=popularity&country=NL","","https://www.orderchamp.com/nl/store/myrte","MYRTE"
"1647876996-1872","https://www.orderchamp.com/nl/marketplace?sort=popularity&country=NL","","https://www.orderchamp.com/nl/store/paulies-ginger-1760087153180673","Paulies Ginger"
"1647878049-2329","https://www.orderchamp.com/nl/marketplace?sort=popularity&country=NL","","https://www.orderchamp.com/nl/store/rorstrand","Rörstrand"
"1647877996-2306","https://www.orderchamp.com/nl/marketplace?sort=popularity&country=NL","","https://www.orderchamp.com/nl/store/koestert","Koestert"
"1647877211-1966","https://www.orderchamp.com/nl/marketplace?sort=popularity&country=NL","","https://www.orderchamp.com/nl/store/by-lindsay-babyfashion","by Lindsay babyfashion"
"1647877903-2265","https://www.orderchamp.com/nl/marketplace?sort=popularity&country=NL","","https://www.orderchamp.com/nl/store/ruig-geroest","Ruig & Geroest"
"1647877763-2205","https://www.orderchamp.com/nl/marketplace?sort=popularity&country=NL","","https://www.orderchamp.com/nl/store/comello","Comello"
"1647876935-1845","https://www.orderchamp.com/nl/marketplace?sort=popularity&country=NL","","https://www.orderchamp.com/nl/store/x-performance-bv","X Performance B.V."
"1647877207-1964","https://www.orderchamp.com/nl/marketplace?sort=popularity&country=NL","","https://www.orderchamp.com/nl/store/coolbrands-bv","Cocora.nl"
"1647877871-2251","https://www.orderchamp.com/nl/marketplace?sort=popularity&country=NL","","https://www.orderchamp.com/nl/store/fire-art","Fire-Art"
"1647877140-1935","https://www.orderchamp.com/nl/marketplace?sort=popularity&country=NL","","https://www.orderchamp.com/nl/store/arte-zayne-bv","Arte & Zayne"
"1647877534-2105","https://www.orderchamp.com/nl/marketplace?sort=popularity&country=NL","","https://www.orderchamp.com/nl/store/calandborgh","Calandborgh - Dutch Candy People"
"1647877637-2149","https://www.orderchamp.com/nl/marketplace?sort=popularity&country=NL","","https://www.orderchamp.com/nl/store/atmk","Best by ATMK"
"1647877001-1874","https://www.orderchamp.com/nl/marketplace?sort=popularity&country=NL","","https://www.orderchamp.com/nl/store/goodlifehacks","Goodlifehacks"
"1647877261-1988","https://www.orderchamp.com/nl/marketplace?sort=popularity&country=NL","","https://www.orderchamp.com/nl/store/paperstation","My Paperstation"
"1647877483-2082","https://www.orderchamp.com/nl/marketplace?sort=popularity&country=NL","","https://www.orderchamp.com/nl/store/ginou","Ginou"
"1647877279-1996","https://www.orderchamp.com/nl/marketplace?sort=popularity&country=NL","","https://www.orderchamp.com/nl/store/goose-projects-bv","green-goose"
"1647877702-2178","https://www.orderchamp.com/nl/marketplace?sort=popularity&country=NL","","https://www.orderchamp.com/nl/store/wasabi-label","Wasabi Label"
"1647877543-2109","https://www.orderchamp.com/nl/marketplace?sort=popularity&country=NL","","https://www.orderchamp.com/nl/store/madhura-bags","Madhura Bags"
"1647877145-1937","https://www.orderchamp.com/nl/marketplace?sort=popularity&country=NL","","https://www.orderchamp.com/nl/store/1844-notebooks","1844 Notebooks"
"1647877624-2145","https://www.orderchamp.com/nl/marketplace?sort=popularity&country=NL","","https://www.orderchamp.com/nl/store/gula-dog-apparel","GULA DOG CARE"
"1647877572-2122","https://www.orderchamp.com/nl/marketplace?sort=popularity&country=NL","","https://www.orderchamp.com/nl/store/reboot-optics","Reboot Optics"
"1647877138-1934","https://www.orderchamp.com/nl/marketplace?sort=popularity&country=NL","","https://www.orderchamp.com/nl/store/malou-bron","Malou Bron"
"1647877476-2079","https://www.orderchamp.com/nl/marketplace?sort=popularity&country=NL","","https://www.orderchamp.com/nl/store/pura","Pura"
"1647877021-1883","https://www.orderchamp.com/nl/marketplace?sort=popularity&country=NL","","https://www.orderchamp.com/nl/store/la-olivia-kids","La Olivia Kids"
"1647877990-2303","https://www.orderchamp.com/nl/marketplace?sort=popularity&country=NL","","https://www.orderchamp.com/nl/store/brandthout","BRANDTHOUT"
"1647877655-2157","https://www.orderchamp.com/nl/marketplace?sort=popularity&country=NL","","https://www.orderchamp.com/nl/store/bonababy","BonaBaby"
"1647876992-1870","https://www.orderchamp.com/nl/marketplace?sort=popularity&country=NL","","https://www.orderchamp.com/nl/store/fashion-goodiez","Fashion Goodiez"
"1647877460-2072","https://www.orderchamp.com/nl/marketplace?sort=popularity&country=NL","","https://www.orderchamp.com/nl/store/tafel-parasol","Tafel Parasol"
"1647877744-2197","https://www.orderchamp.com/nl/marketplace?sort=popularity&country=NL","","https://www.orderchamp.com/nl/store/swiss-pro-holding-bv","Swiss Pro+"
"1647878032-2322","https://www.orderchamp.com/nl/marketplace?sort=popularity&country=NL","","https://www.orderchamp.com/nl/store/binnenwout-bv","Wout"
"1647877156-1942","https://www.orderchamp.com/nl/marketplace?sort=popularity&country=NL","","https://www.orderchamp.com/nl/store/i-catchers-bv","I-Catchers B.V."
"1647877288-2000","https://www.orderchamp.com/nl/marketplace?sort=popularity&country=NL","","https://www.orderchamp.com/nl/store/smpl","SMPL Skincare"
"1647877286-1999","https://www.orderchamp.com/nl/marketplace?sort=popularity&country=NL","","https://www.orderchamp.com/nl/store/browtycoon-bv","Browtycoon"
"1647877859-2247","https://www.orderchamp.com/nl/marketplace?sort=popularity&country=NL","","https://www.orderchamp.com/nl/store/bartsbeans","Bartsbeans"
"1647877852-2244","https://www.orderchamp.com/nl/marketplace?sort=popularity&country=NL","","https://www.orderchamp.com/nl/store/creations-of-happiness","Creations of Happiness"
"1647877277-1995","https://www.orderchamp.com/nl/marketplace?sort=popularity&country=NL","","https://www.orderchamp.com/nl/store/collectivwarehouse","CollectivWarehouse"
"1647877861-2248","https://www.orderchamp.com/nl/marketplace?sort=popularity&country=NL","","https://www.orderchamp.com/nl/store/house-of-postcards","House of postcards"
"1647877815-2228","https://www.orderchamp.com/nl/marketplace?sort=popularity&country=NL","","https://www.orderchamp.com/nl/store/lots4all","Lots4all"
"1647877994-2305","https://www.orderchamp.com/nl/marketplace?sort=popularity&country=NL","","https://www.orderchamp.com/nl/store/wijnpaal-bv","Wijnpaal"
"1647877313-2011","https://www.orderchamp.com/nl/marketplace?sort=popularity&country=NL","","https://www.orderchamp.com/nl/store/bystudio-steef","Bystudio-Steef"
"1647877760-2204","https://www.orderchamp.com/nl/marketplace?sort=popularity&country=NL","","https://www.orderchamp.com/nl/store/camps-camps","Camps & Camps"
"1647876947-1850","https://www.orderchamp.com/nl/marketplace?sort=popularity&country=NL","","https://www.orderchamp.com/nl/store/studio-tekst-en-tekening","Studio Tekst en Tekening"
"1647878016-2315","https://www.orderchamp.com/nl/marketplace?sort=popularity&country=NL","","https://www.orderchamp.com/nl/store/wood-watch","WoodWatch"
"1647877209-1965","https://www.orderchamp.com/nl/marketplace?sort=popularity&country=NL","","https://www.orderchamp.com/nl/store/now-organic-international-bv","Go Now"
"1647877901-2264","https://www.orderchamp.com/nl/marketplace?sort=popularity&country=NL","","https://www.orderchamp.com/nl/store/200-fahrenheit-bv-tenderflame-503549376692225","Tenderflame | by DMJ Outdoor B.V."
"1647877386-2039","https://www.orderchamp.com/nl/marketplace?sort=popularity&country=NL","","https://www.orderchamp.com/nl/store/lemon-lily","Sen Sen. by LEMON LILY"
"1647877619-2143","https://www.orderchamp.com/nl/marketplace?sort=popularity&country=NL","","https://www.orderchamp.com/nl/store/bella-home","Bella Home"
"1647877492-2086","https://www.orderchamp.com/nl/marketplace?sort=popularity&country=NL","","https://www.orderchamp.com/nl/store/dai-bag","D.A.I. bags"
"1647877829-2234","https://www.orderchamp.com/nl/marketplace?sort=popularity&country=NL","","https://www.orderchamp.com/nl/store/goods-by-goedegebuure","Goods by Goedegebuure"
"1647877077-1907","https://www.orderchamp.com/nl/marketplace?sort=popularity&country=NL","","https://www.orderchamp.com/nl/store/luxury-living-bv","Luxury Living B.V."
"1647877597-2133","https://www.orderchamp.com/nl/marketplace?sort=popularity&country=NL","","https://www.orderchamp.com/nl/store/opinel","Opinel"
"1647877354-2025","https://www.orderchamp.com/nl/marketplace?sort=popularity&country=NL","","https://www.orderchamp.com/nl/store/kikkerland-europe-bv","Huckleberry - by Kikkerland"
"1647877081-1909","https://www.orderchamp.com/nl/marketplace?sort=popularity&country=NL","","https://www.orderchamp.com/nl/store/funky-fat-foods","Funky Fat Foods"
"1647877617-2142","https://www.orderchamp.com/nl/marketplace?sort=popularity&country=NL","","https://www.orderchamp.com/nl/store/silver-ocean-seltzer","Silver Ocean Seltzer"
"1647876965-1858","https://www.orderchamp.com/nl/marketplace?sort=popularity&country=NL","","https://www.orderchamp.com/nl/store/anna-beau","Anna Beau"
"1647877711-2182","https://www.orderchamp.com/nl/marketplace?sort=popularity&country=NL","","https://www.orderchamp.com/nl/store/alphanova-kids","Alphanova KIDS"
"1647877836-2237","https://www.orderchamp.com/nl/marketplace?sort=popularity&country=NL","","https://www.orderchamp.com/nl/store/blaauw-bloed","Blaauw Bloed"
"1647877379-2036","https://www.orderchamp.com/nl/marketplace?sort=popularity&country=NL","","https://www.orderchamp.com/nl/store/aerlig","aerlig"
"1647877347-2022","https://www.orderchamp.com/nl/marketplace?sort=popularity&country=NL","","https://www.orderchamp.com/nl/store/vastelli","Vastelli"
"1647877169-1948","https://www.orderchamp.com/nl/marketplace?sort=popularity&country=NL","","https://www.orderchamp.com/nl/store/fliex","FLIEX"
"1647877026-1885","https://www.orderchamp.com/nl/marketplace?sort=popularity&country=NL","","https://www.orderchamp.com/nl/store/marence","Marence"
"1647878014-2314","https://www.orderchamp.com/nl/marketplace?sort=popularity&country=NL","","https://www.orderchamp.com/nl/store/imagegroup-holland","ImageGroup Holland"
"1647877967-2293","https://www.orderchamp.com/nl/marketplace?sort=popularity&country=NL","","https://www.orderchamp.com/nl/store/pinkpeach","PINKPEACH"
"1647877915-2270","https://www.orderchamp.com/nl/marketplace?sort=popularity&country=NL","","https://www.orderchamp.com/nl/store/moodz","MOODZ design"
"1647877767-2207","https://www.orderchamp.com/nl/marketplace?sort=popularity&country=NL","","https://www.orderchamp.com/nl/store/studio-emo","Studio Emo"
"1647877974-2296","https://www.orderchamp.com/nl/marketplace?sort=popularity&country=NL","","https://www.orderchamp.com/nl/store/ledr","LEDR"
"1647878044-2327","https://www.orderchamp.com/nl/marketplace?sort=popularity&country=NL","","https://www.orderchamp.com/nl/store/arrigo-leather-goods","Arrigo Leather Goods"
"1647877337-2018","https://www.orderchamp.com/nl/marketplace?sort=popularity&country=NL","","https://www.orderchamp.com/nl/store/spies-trading","WDMT"
"1647877516-2097","https://www.orderchamp.com/nl/marketplace?sort=popularity&country=NL","","https://www.orderchamp.com/nl/store/clipper","Clipper"
"1647877684-2170","https://www.orderchamp.com/nl/marketplace?sort=popularity&country=NL","","https://www.orderchamp.com/nl/store/friandries-bv","Friandries Chocolates"
"1647877586-2128","https://www.orderchamp.com/nl/marketplace?sort=popularity&country=NL","","https://www.orderchamp.com/nl/store/amstractly","Amstractly"
"1647877418-2053","https://www.orderchamp.com/nl/marketplace?sort=popularity&country=NL","","https://www.orderchamp.com/nl/store/galie","Galie"
"1647877889-2259","https://www.orderchamp.com/nl/marketplace?sort=popularity&country=NL","","https://www.orderchamp.com/nl/store/mrbright","Licht&Levendig"
"1647878019-2316","https://www.orderchamp.com/nl/marketplace?sort=popularity&country=NL","","https://www.orderchamp.com/nl/store/sophos-st-george","Sophos / St George"
"1647877697-2176","https://www.orderchamp.com/nl/marketplace?sort=popularity&country=NL","","https://www.orderchamp.com/nl/store/maisamor","MAISAMOR"
"1647877070-1904","https://www.orderchamp.com/nl/marketplace?sort=popularity&country=NL","","https://www.orderchamp.com/nl/store/feathers-clothing","Feathers"
"1647877541-2108","https://www.orderchamp.com/nl/marketplace?sort=popularity&country=NL","","https://www.orderchamp.com/nl/store/or-tea-europe-bv","Or Tea?™"
"1647876987-1868","https://www.orderchamp.com/nl/marketplace?sort=popularity&country=NL","","https://www.orderchamp.com/nl/store/yool-food-concepts","Happy Trails"
"1647877402-2046","https://www.orderchamp.com/nl/marketplace?sort=popularity&country=NL","","https://www.orderchamp.com/nl/store/you-lucky-bird-nv","You Lucky Bird N.V."
"1647876999-1873","https://www.orderchamp.com/nl/marketplace?sort=popularity&country=NL","","https://www.orderchamp.com/nl/store/atelier-lein","Atelier Lein"
"1647877172-1949","https://www.orderchamp.com/nl/marketplace?sort=popularity&country=NL","","https://www.orderchamp.com/nl/store/missdraad","MissDraad"
"1647877214-1967","https://www.orderchamp.com/nl/marketplace?sort=popularity&country=NL","","https://www.orderchamp.com/nl/store/kaartenpret","Kaartenpret"
"1647877756-2202","https://www.orderchamp.com/nl/marketplace?sort=popularity&country=NL","","https://www.orderchamp.com/nl/store/delicious-food-gourmet","Delicious Food & Gourmet"
"1647877320-2014","https://www.orderchamp.com/nl/marketplace?sort=popularity&country=NL","","https://www.orderchamp.com/nl/store/soapgifts-by-eline","SoapGifts"
"1647877445-2065","https://www.orderchamp.com/nl/marketplace?sort=popularity&country=NL","","https://www.orderchamp.com/nl/store/marshmallow-and-me","Marshmallow and Me"
"1647877953-2287","https://www.orderchamp.com/nl/marketplace?sort=popularity&country=NL","","https://www.orderchamp.com/nl/store/brut","Brût Homeware"
"1647877363-2029","https://www.orderchamp.com/nl/marketplace?sort=popularity&country=NL","","https://www.orderchamp.com/nl/store/liefslabel","LiefsLabel"
"1647877304-2007","https://www.orderchamp.com/nl/marketplace?sort=popularity&country=NL","","https://www.orderchamp.com/nl/store/happybear-diapers","HappyBear Diapers"
"1647877661-2160","https://www.orderchamp.com/nl/marketplace?sort=popularity&country=NL","","https://www.orderchamp.com/nl/store/newtons-lab-by-kikkerland","Newton's Lab - by Kikkerland"
"1647877131-1931","https://www.orderchamp.com/nl/marketplace?sort=popularity&country=NL","","https://www.orderchamp.com/nl/store/de-rooij-capital-partners-bv","Vivi Oggi"
"1647877356-2026","https://www.orderchamp.com/nl/marketplace?sort=popularity&country=NL","","https://www.orderchamp.com/nl/store/jake-nutritionals-bv","Jake Nutritionals B.V."
"1647877472-2077","https://www.orderchamp.com/nl/marketplace?sort=popularity&country=NL","","https://www.orderchamp.com/nl/store/smaakje","Smaakje"
"1647877808-2225","https://www.orderchamp.com/nl/marketplace?sort=popularity&country=NL","","https://www.orderchamp.com/nl/store/Mudmasky","Mudmasky"
"1647877797-2220","https://www.orderchamp.com/nl/marketplace?sort=popularity&country=NL","","https://www.orderchamp.com/nl/store/grafiquelien","Grafiquelien"
"1647877557-2115","https://www.orderchamp.com/nl/marketplace?sort=popularity&country=NL","","https://www.orderchamp.com/nl/store/impulso-chocolate","Impulso Chocolate"
"1647876981-1865","https://www.orderchamp.com/nl/marketplace?sort=popularity&country=NL","","https://www.orderchamp.com/nl/store/moon-schrijft-1763140830298113","Moon Schrijft"
"1647877272-1993","https://www.orderchamp.com/nl/marketplace?sort=popularity&country=NL","","https://www.orderchamp.com/nl/store/liet-joliet","LIET&JOLIET"
"1647877512-2095","https://www.orderchamp.com/nl/marketplace?sort=popularity&country=NL","","https://www.orderchamp.com/nl/store/plent-bv","Plent B.V."
"1647878058-2333","https://www.orderchamp.com/nl/marketplace?sort=popularity&country=NL","","https://www.orderchamp.com/nl/store/mlavi-vegan-leather","Mlavi Vegan Leather Bags & Wallets"
"1647876949-1851","https://www.orderchamp.com/nl/marketplace?sort=popularity&country=NL","","https://www.orderchamp.com/nl/store/smuk","smuk"
"1647877673-2165","https://www.orderchamp.com/nl/marketplace?sort=popularity&country=NL","","https://www.orderchamp.com/nl/store/bon-appethee","Bon Appethee"
"1647877046-1894","https://www.orderchamp.com/nl/marketplace?sort=popularity&country=NL","","https://www.orderchamp.com/nl/store/everything-we-love","Everything we love"
"1647877682-2169","https://www.orderchamp.com/nl/marketplace?sort=popularity&country=NL","","https://www.orderchamp.com/nl/store/wildenberg","Wildenberg Wear"
"1647877451-2068","https://www.orderchamp.com/nl/marketplace?sort=popularity&country=NL","","https://www.orderchamp.com/nl/store/vers-uit-de-polder","Vers uit de Polder"
"1647877887-2258","https://www.orderchamp.com/nl/marketplace?sort=popularity&country=NL","","https://www.orderchamp.com/nl/store/oliveway","Oliveway | Natural Cosmetics"
"1647877666-2162","https://www.orderchamp.com/nl/marketplace?sort=popularity&country=NL","","https://www.orderchamp.com/nl/store/bo-studios","Botaniqe"
"1647877546-2110","https://www.orderchamp.com/nl/marketplace?sort=popularity&country=NL","","https://www.orderchamp.com/nl/store/le-bua-coffee","Le Bua Coffee"
"1647877086-1911","https://www.orderchamp.com/nl/marketplace?sort=popularity&country=NL","","https://www.orderchamp.com/nl/store/meesie-bintje","Meesie Bintje"
"1647877537-2106","https://www.orderchamp.com/nl/marketplace?sort=popularity&country=NL","","https://www.orderchamp.com/nl/store/dusq","dusq"
"1647877202-1962","https://www.orderchamp.com/nl/marketplace?sort=popularity&country=NL","","https://www.orderchamp.com/nl/store/styled-by-sky","Styled by Sky"
"1647878072-2339","https://www.orderchamp.com/nl/marketplace?sort=popularity&country=NL","","https://www.orderchamp.com/nl/store/guzzini","Guzzini"
"1647877456-2070","https://www.orderchamp.com/nl/marketplace?sort=popularity&country=NL","","https://www.orderchamp.com/nl/store/razbaby","RaZbaby"
"1647877063-1901","https://www.orderchamp.com/nl/marketplace?sort=popularity&country=NL","","https://www.orderchamp.com/nl/store/angelart-kunstzo","Studio Angelart"
"1647877742-2196","https://www.orderchamp.com/nl/marketplace?sort=popularity&country=NL","","https://www.orderchamp.com/nl/store/reveuse-rotterdam","Rêveuse Rotterdam"
"1647876944-1849","https://www.orderchamp.com/nl/marketplace?sort=popularity&country=NL","","https://www.orderchamp.com/nl/store/mauties-mama","Mauties Mama"
"1647877447-2066","https://www.orderchamp.com/nl/marketplace?sort=popularity&country=NL","","https://www.orderchamp.com/nl/store/la-diva-natural","La Diva Natural"
"1647877065-1902","https://www.orderchamp.com/nl/marketplace?sort=popularity&country=NL","","https://www.orderchamp.com/nl/store/bransus-cosmetics","ORLY"
"1647876960-1856","https://www.orderchamp.com/nl/marketplace?sort=popularity&country=NL","","https://www.orderchamp.com/nl/store/art-studio-jet","art studio jet"
"1647877652-2156","https://www.orderchamp.com/nl/marketplace?sort=popularity&country=NL","","https://www.orderchamp.com/nl/store/halin-bags","HALIN Bags"
"1647878010-2312","https://www.orderchamp.com/nl/marketplace?sort=popularity&country=NL","","https://www.orderchamp.com/nl/store/studio-216","Studio216"
"1647877301-2006","https://www.orderchamp.com/nl/marketplace?sort=popularity&country=NL","","https://www.orderchamp.com/nl/store/emma-thee","Emma Thee"
"1647877308-2009","https://www.orderchamp.com/nl/marketplace?sort=popularity&country=NL","","https://www.orderchamp.com/nl/store/sybotanica","Sybotanica"
"1647877017-1881","https://www.orderchamp.com/nl/marketplace?sort=popularity&country=NL","","https://www.orderchamp.com/nl/store/mashona","MaShona"
"1647877913-2269","https://www.orderchamp.com/nl/marketplace?sort=popularity&country=NL","","https://www.orderchamp.com/nl/store/kleine-giraf-natursutten-olala","Natursutten"
"1647877783-2214","https://www.orderchamp.com/nl/marketplace?sort=popularity&country=NL","","https://www.orderchamp.com/nl/store/babybootiesbydmi","Babybootiesbydmi"
"1647877154-1941","https://www.orderchamp.com/nl/marketplace?sort=popularity&country=NL","","https://www.orderchamp.com/nl/store/ebru-bv","House of Rugs"
"1647877720-2186","https://www.orderchamp.com/nl/marketplace?sort=popularity&country=NL","","https://www.orderchamp.com/nl/store/joik-organic","JOIK"
"1647877811-2226","https://www.orderchamp.com/nl/marketplace?sort=popularity&country=NL","","https://www.orderchamp.com/nl/store/ilsangisang","Ilsangisang"
"1647877420-2054","https://www.orderchamp.com/nl/marketplace?sort=popularity&country=NL","","https://www.orderchamp.com/nl/store/sweet-life-style","Sweet life style"
"1647877227-1973","https://www.orderchamp.com/nl/marketplace?sort=popularity&country=NL","","https://www.orderchamp.com/nl/store/airplantshopnl","Airplantshop"
"1647877152-1940","https://www.orderchamp.com/nl/marketplace?sort=popularity&country=NL","","https://www.orderchamp.com/nl/store/mercis-publishing-bv","Nijntje - Mercis Publishing"
"1647877806-2224","https://www.orderchamp.com/nl/marketplace?sort=popularity&country=NL","","https://www.orderchamp.com/nl/store/bobbi-ravioli","Bobbi Ravioli"
"1647877032-1888","https://www.orderchamp.com/nl/marketplace?sort=popularity&country=NL","","https://www.orderchamp.com/nl/store/daffie-be-proud","Daffie Be Proud"
"1647877615-2141","https://www.orderchamp.com/nl/marketplace?sort=popularity&country=NL","","https://www.orderchamp.com/nl/store/jut-julie","Jut & Julie"
"1647877632-2147","https://www.orderchamp.com/nl/marketplace?sort=popularity&country=NL","","https://www.orderchamp.com/nl/store/aprils-cherry","April's Cherry"
"1647877949-2285","https://www.orderchamp.com/nl/marketplace?sort=popularity&country=NL","","https://www.orderchamp.com/nl/store/pinkiezz-ball-lockets","Pinkiezz Stainless Steel Ball Lockets"
"1647877344-2021","https://www.orderchamp.com/nl/marketplace?sort=popularity&country=NL","","https://www.orderchamp.com/nl/store/somnum","Somnum"
"1647877390-2041","https://www.orderchamp.com/nl/marketplace?sort=popularity&country=NL","","https://www.orderchamp.com/nl/store/smith-sinclair","Smith & Sinclair"
"1647876937-1846","https://www.orderchamp.com/nl/marketplace?sort=popularity&country=NL","","https://www.orderchamp.com/nl/store/miss33","Mister33 Womencare"
"1647877747-2198","https://www.orderchamp.com/nl/marketplace?sort=popularity&country=NL","","https://www.orderchamp.com/nl/store/new-bling","New Bling"
"1647878046-2328","https://www.orderchamp.com/nl/marketplace?sort=popularity&country=NL","","https://www.orderchamp.com/nl/store/dai-bv","STUDIO.DAI"
"1647877690-2173","https://www.orderchamp.com/nl/marketplace?sort=popularity&country=NL","","https://www.orderchamp.com/nl/store/dutch-design-brand-bv","Dutch Design Brand B.V."
"1647877926-2275","https://www.orderchamp.com/nl/marketplace?sort=popularity&country=NL","","https://www.orderchamp.com/nl/store/all-things-we-like-494655504039937","All Things We Like"
"1647877779-2212","https://www.orderchamp.com/nl/marketplace?sort=popularity&country=NL","","https://www.orderchamp.com/nl/store/jones-brothers-coffee-company","Jones Brothers Coffee Company"
"1647877505-2092","https://www.orderchamp.com/nl/marketplace?sort=popularity&country=NL","","https://www.orderchamp.com/nl/store/boite-de-proprete","Boîte de propreté"
"1647877688-2172","https://www.orderchamp.com/nl/marketplace?sort=popularity&country=NL","","https://www.orderchamp.com/nl/store/locomix","Locomix"
"1647877474-2078","https://www.orderchamp.com/nl/marketplace?sort=popularity&country=NL","","https://www.orderchamp.com/nl/store/lampsleeve","Lampsleeve"
"1647877196-1959","https://www.orderchamp.com/nl/marketplace?sort=popularity&country=NL","","https://www.orderchamp.com/nl/store/freebellion-1743564640190465","Freebellion"
"1647877118-1925","https://www.orderchamp.com/nl/marketplace?sort=popularity&country=NL","","https://www.orderchamp.com/nl/store/lavido-natural-skincare","Lavido Natural Skincare"
"1647877525-2101","https://www.orderchamp.com/nl/marketplace?sort=popularity&country=NL","","https://www.orderchamp.com/nl/store/ollys","Olly's"
"1647877028-1886","https://www.orderchamp.com/nl/marketplace?sort=popularity&country=NL","","https://www.orderchamp.com/nl/store/everyday-jewellery-1777570381070337","Baby Jewellery"
"1647877584-2127","https://www.orderchamp.com/nl/marketplace?sort=popularity&country=NL","","https://www.orderchamp.com/nl/store/van-eigen-deeg","Van Eigen Deeg"
"1647877940-2281","https://www.orderchamp.com/nl/marketplace?sort=popularity&country=NL","","https://www.orderchamp.com/nl/store/sunny-cords-bv","Sunny Cords"
"1647877570-2121","https://www.orderchamp.com/nl/marketplace?sort=popularity&country=NL","","https://www.orderchamp.com/nl/store/ekopura","Ekopura Nutrition"
"1647877317-2013","https://www.orderchamp.com/nl/marketplace?sort=popularity&country=NL","","https://www.orderchamp.com/nl/store/elat-co","Elate & Co"
"1647877381-2037","https://www.orderchamp.com/nl/marketplace?sort=popularity&country=NL","","https://www.orderchamp.com/nl/store/lue-by-jean-seo","LUÉ by Jean Seo"
"1647877218-1969","https://www.orderchamp.com/nl/marketplace?sort=popularity&country=NL","","https://www.orderchamp.com/nl/store/meervoorjou","Meervoorjou"
"1647877568-2120","https://www.orderchamp.com/nl/marketplace?sort=popularity&country=NL","","https://www.orderchamp.com/nl/store/punt","Punt."
"1647877334-2017","https://www.orderchamp.com/nl/marketplace?sort=popularity&country=NL","","https://www.orderchamp.com/nl/store/silkyway","Silkyway"
"1647877548-2111","https://www.orderchamp.com/nl/marketplace?sort=popularity&country=NL","","https://www.orderchamp.com/nl/store/de-haarzeepshop","De Haarzeepshop"
"1647878051-2330","https://www.orderchamp.com/nl/marketplace?sort=popularity&country=NL","","https://www.orderchamp.com/nl/store/arabia","Arabia"
"1647877281-1997","https://www.orderchamp.com/nl/marketplace?sort=popularity&country=NL","","https://www.orderchamp.com/nl/store/studio-schaapman","Het Muizenhuis"
"1647878060-2334","https://www.orderchamp.com/nl/marketplace?sort=popularity&country=NL","","https://www.orderchamp.com/nl/store/nature-bar","Nature Bar"
"1647877969-2294","https://www.orderchamp.com/nl/marketplace?sort=popularity&country=NL","","https://www.orderchamp.com/nl/store/renske-Versluijs","Renske Versluijs"
"1647877108-1921","https://www.orderchamp.com/nl/marketplace?sort=popularity&country=NL","","https://www.orderchamp.com/nl/store/green-sprouts","Green Sprouts"
"1647877630-2146","https://www.orderchamp.com/nl/marketplace?sort=popularity&country=NL","","https://www.orderchamp.com/nl/store/lucca-bv","Lucca B.V."
"1647877496-2088","https://www.orderchamp.com/nl/marketplace?sort=popularity&country=NL","","https://www.orderchamp.com/nl/store/silke-amsterdam","Silke-Amsterdam"
"1647877234-1976","https://www.orderchamp.com/nl/marketplace?sort=popularity&country=NL","","https://www.orderchamp.com/nl/store/umbrella-amarela","Umbrella Amarela"
"1647877717-2185","https://www.orderchamp.com/nl/marketplace?sort=popularity&country=NL","","https://www.orderchamp.com/nl/store/human-kind","Human + Kind"
"1647877035-1889","https://www.orderchamp.com/nl/marketplace?sort=popularity&country=NL","","https://www.orderchamp.com/nl/store/priddy","Thomss for men"
"1647877349-2023","https://www.orderchamp.com/nl/marketplace?sort=popularity&country=NL","","https://www.orderchamp.com/nl/store/styledry-bv","STYLEDRY"
"1647877048-1895","https://www.orderchamp.com/nl/marketplace?sort=popularity&country=NL","","https://www.orderchamp.com/nl/store/fenna-en-florien","Fenna en Florien"
"1647877639-2150","https://www.orderchamp.com/nl/marketplace?sort=popularity&country=NL","","https://www.orderchamp.com/nl/store/tall-men-standing-bv","Tall Men Standing"
"1647877873-2252","https://www.orderchamp.com/nl/marketplace?sort=popularity&country=NL","","https://www.orderchamp.com/nl/store/we-love-the-planet","We Love The Planet"
"1647877880-2255","https://www.orderchamp.com/nl/marketplace?sort=popularity&country=NL","","https://www.orderchamp.com/nl/store/kels","BY KELS"
"1647877646-2153","https://www.orderchamp.com/nl/marketplace?sort=popularity&country=NL","","https://www.orderchamp.com/nl/store/hee-goodies","HEE Goodies"
"1647877564-2118","https://www.orderchamp.com/nl/marketplace?sort=popularity&country=NL","","https://www.orderchamp.com/nl/store/tillytulp","TillyTulp"
"1647877374-2034","https://www.orderchamp.com/nl/marketplace?sort=popularity&country=NL","","https://www.orderchamp.com/nl/store/choose-teethcare-bv","CHOOSE TeethCare B.V."
"1647877297-2004","https://www.orderchamp.com/nl/marketplace?sort=popularity&country=NL","","https://www.orderchamp.com/nl/store/new-classic-toys","New Classic Toys"
"1647877825-2232","https://www.orderchamp.com/nl/marketplace?sort=popularity&country=NL","","https://www.orderchamp.com/nl/store/bythirza","Bythirza"
"1647877083-1910","https://www.orderchamp.com/nl/marketplace?sort=popularity&country=NL","","https://www.orderchamp.com/nl/store/yan-toet","Yan & Toet"
"1647877962-2291","https://www.orderchamp.com/nl/marketplace?sort=popularity&country=NL","","https://www.orderchamp.com/nl/store/handles-and-more","Handles and more"
"1647877406-2048","https://www.orderchamp.com/nl/marketplace?sort=popularity&country=NL","","https://www.orderchamp.com/nl/store/textap","Textap B.V."
"1647877292-2002","https://www.orderchamp.com/nl/marketplace?sort=popularity&country=NL","","https://www.orderchamp.com/nl/store/green-warriors","Green Warriors"
"1647877539-2107","https://www.orderchamp.com/nl/marketplace?sort=popularity&country=NL","","https://www.orderchamp.com/nl/store/just-cute","Just Cute"
"1647877361-2028","https://www.orderchamp.com/nl/marketplace?sort=popularity&country=NL","","https://www.orderchamp.com/nl/store/pinkq","Pinkq"
"1647877220-1970","https://www.orderchamp.com/nl/marketplace?sort=popularity&country=NL","","https://www.orderchamp.com/nl/store/eindbaas-consultancy-bv","Eindbaas Apparel"
"1647877908-2267","https://www.orderchamp.com/nl/marketplace?sort=popularity&country=NL","","https://www.orderchamp.com/nl/store/byalexandra-fabric-creations","ByAlex Playmats"
"1647877110-1922","https://www.orderchamp.com/nl/marketplace?sort=popularity&country=NL","","https://www.orderchamp.com/nl/store/mijksje","Mijksje"
"1647876953-1853","https://www.orderchamp.com/nl/marketplace?sort=popularity&country=NL","","https://www.orderchamp.com/nl/store/sara-rosalie","Sara Rosalie"
"1647878023-2318","https://www.orderchamp.com/nl/marketplace?sort=popularity&country=NL","","https://www.orderchamp.com/nl/store/mousie","Mousie"
"1647877713-2183","https://www.orderchamp.com/nl/marketplace?sort=popularity&country=NL","","https://www.orderchamp.com/nl/store/balm-balm","Balm Balm"
"1647877521-2099","https://www.orderchamp.com/nl/marketplace?sort=popularity&country=NL","","https://www.orderchamp.com/nl/store/luscombe","Luscombe"
"1647877726-2189","https://www.orderchamp.com/nl/marketplace?sort=popularity&country=NL","","https://www.orderchamp.com/nl/store/kepri-cotton-bv","Kepri Cotton B.V."
"1647877738-2194","https://www.orderchamp.com/nl/marketplace?sort=popularity&country=NL","","https://www.orderchamp.com/nl/store/anti-vivisectie-cosmetica","YU ELEMENTS"
"1647877981-2299","https://www.orderchamp.com/nl/marketplace?sort=popularity&country=NL","","https://www.orderchamp.com/nl/store/loco-lama","Loco Lama"
"1647877174-1950","https://www.orderchamp.com/nl/marketplace?sort=popularity&country=NL","","https://www.orderchamp.com/nl/store/sock-it-to-me","Sock it to me"
"1647877090-1913","https://www.orderchamp.com/nl/marketplace?sort=popularity&country=NL","","https://www.orderchamp.com/nl/store/rowlyn-kids","Rowlyn Kids"
"1647877566-2119","https://www.orderchamp.com/nl/marketplace?sort=popularity&country=NL","","https://www.orderchamp.com/nl/store/twistea","TwisTea B.V."
"1647877377-2035","https://www.orderchamp.com/nl/marketplace?sort=popularity&country=NL","","https://www.orderchamp.com/nl/store/oh-deer-graphics","Oh deer graphics"
"1647877588-2129","https://www.orderchamp.com/nl/marketplace?sort=popularity&country=NL","","https://www.orderchamp.com/nl/store/tinnemia","Tinne+Mia"
"1647877613-2140","https://www.orderchamp.com/nl/marketplace?sort=popularity&country=NL","","https://www.orderchamp.com/nl/store/kever-genever","Kever Genever"
"1647877485-2083","https://www.orderchamp.com/nl/marketplace?sort=popularity&country=NL","","https://www.orderchamp.com/nl/store/totote","totote"
"1647877731-2191","https://www.orderchamp.com/nl/marketplace?sort=popularity&country=NL","","https://www.orderchamp.com/nl/store/wholy-greens","Wholy Greens"
"1647877946-2284","https://www.orderchamp.com/nl/marketplace?sort=popularity&country=NL","","https://www.orderchamp.com/nl/store/het-lichtlab","Het Lichtlab"
"1647877388-2040","https://www.orderchamp.com/nl/marketplace?sort=popularity&country=NL","","https://www.orderchamp.com/nl/store/flora-tea","Thee van Flora Tea"
"1647877935-2279","https://www.orderchamp.com/nl/marketplace?sort=popularity&country=NL","","https://www.orderchamp.com/nl/store/idecorate","iDecorate"
"1647878055-2332","https://www.orderchamp.com/nl/marketplace?sort=popularity&country=NL","","https://www.orderchamp.com/nl/store/juffrouw-pannenkoek-deco","Juffrouw Pannenkoek Deco"
"1647878030-2321","https://www.orderchamp.com/nl/marketplace?sort=popularity&country=NL","","https://www.orderchamp.com/nl/store/solution-online","Woodzstyle"
"1647877259-1987","https://www.orderchamp.com/nl/marketplace?sort=popularity&country=NL","","https://www.orderchamp.com/nl/store/days-of-bloom","Days of Bloom"
"1647876983-1866","https://www.orderchamp.com/nl/marketplace?sort=popularity&country=NL","","https://www.orderchamp.com/nl/store/sana-amsterdam","SANA Amsterdam"
"1647877458-2071","https://www.orderchamp.com/nl/marketplace?sort=popularity&country=NL","","https://www.orderchamp.com/nl/store/day1","DAY 1"
"1647877181-1953","https://www.orderchamp.com/nl/marketplace?sort=popularity&country=NL","","https://www.orderchamp.com/nl/store/karakorum-trade","Van De Steppe"
"1647877184-1954","https://www.orderchamp.com/nl/marketplace?sort=popularity&country=NL","","https://www.orderchamp.com/nl/store/ixxi-concepts-group-bv","IXXI Concepts Group B.V."
"1647877998-2307","https://www.orderchamp.com/nl/marketplace?sort=popularity&country=NL","","https://www.orderchamp.com/nl/store/knapzak-design","Knapzak Design"
"1647877429-2058","https://www.orderchamp.com/nl/marketplace?sort=popularity&country=NL","","https://www.orderchamp.com/nl/store/julci","JULCI"
"1647877964-2292","https://www.orderchamp.com/nl/marketplace?sort=popularity&country=NL","","https://www.orderchamp.com/nl/store/hendrik","Hendrik'"
"1647877933-2278","https://www.orderchamp.com/nl/marketplace?sort=popularity&country=NL","","https://www.orderchamp.com/nl/store/anne","&Anne"
"1647877383-2038","https://www.orderchamp.com/nl/marketplace?sort=popularity&country=NL","","https://www.orderchamp.com/nl/store/knuffelsenzo","Knuffelsenzo"
"1647878062-2335","https://www.orderchamp.com/nl/marketplace?sort=popularity&country=NL","","https://www.orderchamp.com/nl/store/bibs-kids","Bibs Kids"
"1647877514-2096","https://www.orderchamp.com/nl/marketplace?sort=popularity&country=NL","","https://www.orderchamp.com/nl/store/sounds-like-yellow","Sounds like Yellow"
"1647877878-2254","https://www.orderchamp.com/nl/marketplace?sort=popularity&country=NL","","https://www.orderchamp.com/nl/store/electric-jewelry","Electric Jewelry"
"1647877068-1903","https://www.orderchamp.com/nl/marketplace?sort=popularity&country=NL","","https://www.orderchamp.com/nl/store/juffers-fashion-gifts","Infinity the label"
"1647877958-2289","https://www.orderchamp.com/nl/marketplace?sort=popularity&country=NL","","https://www.orderchamp.com/nl/store/wooden-amsterdam","Wooden Amsterdam"
"1647877898-2263","https://www.orderchamp.com/nl/marketplace?sort=popularity&country=NL","","https://www.orderchamp.com/nl/store/by-julian","by Julian"
"1647877372-2033","https://www.orderchamp.com/nl/marketplace?sort=popularity&country=NL","","https://www.orderchamp.com/nl/store/frusqo","Frusqo"
"1647877790-2217","https://www.orderchamp.com/nl/marketplace?sort=popularity&country=NL","","https://www.orderchamp.com/nl/store/nyfodt","Nyfodt baby essentials"
"1647877693-2174","https://www.orderchamp.com/nl/marketplace?sort=popularity&country=NL","","https://www.orderchamp.com/nl/store/ho-jeuken-1748935457177601","HO-Jeuken"
"1647877523-2100","https://www.orderchamp.com/nl/marketplace?sort=popularity&country=NL","","https://www.orderchamp.com/nl/store/highball","Highball"
"1647877599-2134","https://www.orderchamp.com/nl/marketplace?sort=popularity&country=NL","","https://www.orderchamp.com/nl/store/de-la-mur-line-kids","De La Mur Line Kids"
"1647877519-2098","https://www.orderchamp.com/nl/marketplace?sort=popularity&country=NL","","https://www.orderchamp.com/nl/store/bos-brands","BOS brands"
"1647877200-1961","https://www.orderchamp.com/nl/marketplace?sort=popularity&country=NL","","https://www.orderchamp.com/nl/store/nomoreplastic","NoMorePlastic"
"1647877924-2274","https://www.orderchamp.com/nl/marketplace?sort=popularity&country=NL","","https://www.orderchamp.com/nl/store/fair-and-cute","fair and cute"
"1647877193-1958","https://www.orderchamp.com/nl/marketplace?sort=popularity&country=NL","","https://www.orderchamp.com/nl/store/smak-een-kadootje-uit-t-hart","SMAK! Een kadootje uit 't hart"
"1647877550-2112","https://www.orderchamp.com/nl/marketplace?sort=popularity&country=NL","","https://www.orderchamp.com/nl/store/anouk-ontwerpt","Pie"
"1647877740-2195","https://www.orderchamp.com/nl/marketplace?sort=popularity&country=NL","","https://www.orderchamp.com/nl/store/nancy-homestore","Nancy Homestore"
"1647877749-2199","https://www.orderchamp.com/nl/marketplace?sort=popularity&country=NL","","https://www.orderchamp.com/nl/store/olala-1406572554928129","Olala"
"1647877575-2123","https://www.orderchamp.com/nl/marketplace?sort=popularity&country=NL","","https://www.orderchamp.com/nl/store/goggle-protect","Goggle Protect"
"1647877236-1977","https://www.orderchamp.com/nl/marketplace?sort=popularity&country=NL","","https://www.orderchamp.com/nl/store/aigostar-bv","Nobleza"
"1647877104-1919","https://www.orderchamp.com/nl/marketplace?sort=popularity&country=NL","","https://www.orderchamp.com/nl/store/superjool","SuperJool"
"1647877056-1898","https://www.orderchamp.com/nl/marketplace?sort=popularity&country=NL","","https://www.orderchamp.com/nl/store/mymax","Mymax"
"1647877675-2166","https://www.orderchamp.com/nl/marketplace?sort=popularity&country=NL","","https://www.orderchamp.com/nl/store/moon-mama-holland","Moon Mama Holland"
"1647877238-1978","https://www.orderchamp.com/nl/marketplace?sort=popularity&country=NL","","https://www.orderchamp.com/nl/store/sari","SARI - handcrafted ceramics"
"1647878001-2308","https://www.orderchamp.com/nl/marketplace?sort=popularity&country=NL","","https://www.orderchamp.com/nl/store/ignoor","Ignoor"
"1647877983-2300","https://www.orderchamp.com/nl/marketplace?sort=popularity&country=NL","","https://www.orderchamp.com/nl/store/by-romi-creative-studio","By Romi Creative Studio"
"1647877290-2001","https://www.orderchamp.com/nl/marketplace?sort=popularity&country=NL","","https://www.orderchamp.com/nl/store/sizo","SIZO Zwartz Decorations"
"1647877733-2192","https://www.orderchamp.com/nl/marketplace?sort=popularity&country=NL","","https://www.orderchamp.com/nl/store/uitgeverij-ensifera","Uitgeverij Ensifera"
"1647877231-1975","https://www.orderchamp.com/nl/marketplace?sort=popularity&country=NL","","https://www.orderchamp.com/nl/store/recent-toys-international-bv","Recent Toys International B.V."
"1647877254-1985","https://www.orderchamp.com/nl/marketplace?sort=popularity&country=NL","","https://www.orderchamp.com/nl/store/naturn-living","Naturn Living"
"1647877510-2094","https://www.orderchamp.com/nl/marketplace?sort=popularity&country=NL","","https://www.orderchamp.com/nl/store/zapasso","zapasso"
"1647878003-2309","https://www.orderchamp.com/nl/marketplace?sort=popularity&country=NL","","https://www.orderchamp.com/nl/store/la-croa","La Croa"
"1647877247-1982","https://www.orderchamp.com/nl/marketplace?sort=popularity&country=NL","","https://www.orderchamp.com/nl/store/costa-nova-kitchentrend","Costa Nova"
"1647876978-1864","https://www.orderchamp.com/nl/marketplace?sort=popularity&country=NL","","https://www.orderchamp.com/nl/store/honolulu","Honolulu"
"1647876956-1854","https://www.orderchamp.com/nl/marketplace?sort=popularity&country=NL","","https://www.orderchamp.com/nl/store/fates","Fates Style with a Story"
"1647877079-1908","https://www.orderchamp.com/nl/marketplace?sort=popularity&country=NL","","https://www.orderchamp.com/nl/store/studio-chies","Studio Chies"
"1647877411-2050","https://www.orderchamp.com/nl/marketplace?sort=popularity&country=NL","","https://www.orderchamp.com/nl/store/bruutd","Bruut'd"
"1647877037-1890","https://www.orderchamp.com/nl/marketplace?sort=popularity&country=NL","","https://www.orderchamp.com/nl/store/studio-spring","My Paperstories"
"1647877708-2181","https://www.orderchamp.com/nl/marketplace?sort=popularity&country=NL","","https://www.orderchamp.com/nl/store/alphanova-baby","Alphanova BABY"
"1647876976-1863","https://www.orderchamp.com/nl/marketplace?sort=popularity&country=NL","","https://www.orderchamp.com/nl/store/muzikantjes-in-spe","Muzikantjes in spé"
"1647876951-1852","https://www.orderchamp.com/nl/marketplace?sort=popularity&country=NL","","https://www.orderchamp.com/nl/store/boavistacircular","Boavistacircular"
"1647877442-2064","https://www.orderchamp.com/nl/marketplace?sort=popularity&country=NL","","https://www.orderchamp.com/nl/store/wolff-blitz-interior","Wolff Blitz Interior"
"1647877686-2171","https://www.orderchamp.com/nl/marketplace?sort=popularity&country=NL","","https://www.orderchamp.com/nl/store/taadaa-creations","Taadaa Shop"
"1647877106-1920","https://www.orderchamp.com/nl/marketplace?sort=popularity&country=NL","","https://www.orderchamp.com/nl/store/nani","Nani"
"1647877413-2051","https://www.orderchamp.com/nl/marketplace?sort=popularity&country=NL","","https://www.orderchamp.com/nl/store/inside-audio","Ponchy"
"1647877265-1990","https://www.orderchamp.com/nl/marketplace?sort=popularity&country=NL","","https://www.orderchamp.com/nl/store/jaspers-tabletop-503257870991361","Jaspers Tabletop"
"1647877937-2280","https://www.orderchamp.com/nl/marketplace?sort=popularity&country=NL","","https://www.orderchamp.com/nl/store/by-lauren-amsterdam","by Lauren Amsterdam"
"1647877003-1875","https://www.orderchamp.com/nl/marketplace?sort=popularity&country=NL","","https://www.orderchamp.com/nl/store/boomba-bamboo","Boomba Bamboo"
"1647877602-2135","https://www.orderchamp.com/nl/marketplace?sort=popularity&country=NL","","https://www.orderchamp.com/nl/store/willems-wermoed","Willem's Wermoed"
"1647877498-2089","https://www.orderchamp.com/nl/marketplace?sort=popularity&country=NL","","https://www.orderchamp.com/nl/store/texy-towel","Texy Towel"
"1647877704-2179","https://www.orderchamp.com/nl/marketplace?sort=popularity&country=NL","","https://www.orderchamp.com/nl/store/najel-olijfzepen","Najel Olijfzepen"
"1647877758-2203","https://www.orderchamp.com/nl/marketplace?sort=popularity&country=NL","","https://www.orderchamp.com/nl/store/lifestyle2love","Lifestyle2Love"
"1647877115-1924","https://www.orderchamp.com/nl/marketplace?sort=popularity&country=NL","","https://www.orderchamp.com/nl/store/wean-green","Wean Green"
"1647877044-1893","https://www.orderchamp.com/nl/marketplace?sort=popularity&country=NL","","https://www.orderchamp.com/nl/store/studio-tm","Studio t/m"
"1647877315-2012","https://www.orderchamp.com/nl/marketplace?sort=popularity&country=NL","","https://www.orderchamp.com/nl/store/geurwolkje","Geurwolkje"
"1647877351-2024","https://www.orderchamp.com/nl/marketplace?sort=popularity&country=NL","","https://www.orderchamp.com/nl/store/magnetox","MAGNETOX"
"1647877186-1955","https://www.orderchamp.com/nl/marketplace?sort=popularity&country=NL","","https://www.orderchamp.com/nl/store/247-stoer","24/7 Stoer"
"1647877198-1960","https://www.orderchamp.com/nl/marketplace?sort=popularity&country=NL","","https://www.orderchamp.com/nl/store/bo-bottles-bv","Bo-Bottles"
"1647877365-2030","https://www.orderchamp.com/nl/marketplace?sort=popularity&country=NL","","https://www.orderchamp.com/nl/store/ibizi-dogs","Ibizi Dogs"
"1647878074-2340","https://www.orderchamp.com/nl/marketplace?sort=popularity&country=NL","","https://www.orderchamp.com/nl/store/zeeuwsche-zoute","Zeeuwsche Zoute"
"1647877960-2290","https://www.orderchamp.com/nl/marketplace?sort=popularity&country=NL","","https://www.orderchamp.com/nl/store/van-tjalle-en-jasper","Van Tjalle en Jasper"
"1647877295-2003","https://www.orderchamp.com/nl/marketplace?sort=popularity&country=NL","","https://www.orderchamp.com/nl/store/othat-hebbedingetjes","Othat We love happy baby & kids"
"1647877827-2233","https://www.orderchamp.com/nl/marketplace?sort=popularity&country=NL","","https://www.orderchamp.com/nl/store/buldans","Buldans"
"1647877019-1882","https://www.orderchamp.com/nl/marketplace?sort=popularity&country=NL","","https://www.orderchamp.com/nl/store/cindyxhanna","CindyxHanna"
"1647877896-2262","https://www.orderchamp.com/nl/marketplace?sort=popularity&country=NL","","https://www.orderchamp.com/nl/store/winkel-van-indah","winkel van Indah"
"1647877659-2159","https://www.orderchamp.com/nl/marketplace?sort=popularity&country=NL","","https://www.orderchamp.com/nl/store/argan-valley-1758022521421825","n'oil"
"1647877014-1880","https://www.orderchamp.com/nl/marketplace?sort=popularity&country=NL","","https://www.orderchamp.com/nl/store/pinkie","Pinkie"
"1647878037-2324","https://www.orderchamp.com/nl/marketplace?sort=popularity&country=NL","","https://www.orderchamp.com/nl/store/tb-commerce","VANN Bottles"
"1647877424-2056","https://www.orderchamp.com/nl/marketplace?sort=popularity&country=NL","","https://www.orderchamp.com/nl/store/city-play-bv","City-Play B.V."
"1647877610-2139","https://www.orderchamp.com/nl/marketplace?sort=popularity&country=NL","","https://www.orderchamp.com/nl/store/helioux","Helioux"
"1647877944-2283","https://www.orderchamp.com/nl/marketplace?sort=popularity&country=NL","","https://www.orderchamp.com/nl/store/studio-roem","Studio Roem"
"1647877751-2200","https://www.orderchamp.com/nl/marketplace?sort=popularity&country=NL","","https://www.orderchamp.com/nl/store/bunnies-by-the-bay","Bunnies By The Bay"
"1647877799-2221","https://www.orderchamp.com/nl/marketplace?sort=popularity&country=NL","","https://www.orderchamp.com/nl/store/digusti","DiGusti Italian Quality Products"
"1647876963-1857","https://www.orderchamp.com/nl/marketplace?sort=popularity&country=NL","","https://www.orderchamp.com/nl/store/created-by-stefan","Befold"
"1647877012-1879","https://www.orderchamp.com/nl/marketplace?sort=popularity&country=NL","","https://www.orderchamp.com/nl/store/pluk-de-dag-green-graphics","Pluk de Dag, green graphics"
"1647877606-2137","https://www.orderchamp.com/nl/marketplace?sort=popularity&country=NL","","https://www.orderchamp.com/nl/store/mk-handmade","MK Handmade"
"1647877724-2188","https://www.orderchamp.com/nl/marketplace?sort=popularity&country=NL","","https://www.orderchamp.com/nl/store/oliv-bio","Oliv Bio"
"1647877753-2201","https://www.orderchamp.com/nl/marketplace?sort=popularity&country=NL","","https://www.orderchamp.com/nl/store/studio-eyk","Studio EYK"
"1647877165-1946","https://www.orderchamp.com/nl/marketplace?sort=popularity&country=NL","","https://www.orderchamp.com/nl/store/cocktailvp","CoolCuts"
"1647877857-2246","https://www.orderchamp.com/nl/marketplace?sort=popularity&country=NL","","https://www.orderchamp.com/nl/store/vanbuikema","Pompelmoes"
"1647877061-1900","https://www.orderchamp.com/nl/marketplace?sort=popularity&country=NL","","https://www.orderchamp.com/nl/store/be-home-candles","Be Home Candles"
"1647876990-1869","https://www.orderchamp.com/nl/marketplace?sort=popularity&country=NL","","https://www.orderchamp.com/nl/store/designstracker","Designstracker"
"1647877706-2180","https://www.orderchamp.com/nl/marketplace?sort=popularity&country=NL","","https://www.orderchamp.com/nl/store/marleys","Marley’s"
"1647877882-2256","https://www.orderchamp.com/nl/marketplace?sort=popularity&country=NL","","https://www.orderchamp.com/nl/store/mattise","MATTISE"
"1647877590-2130","https://www.orderchamp.com/nl/marketplace?sort=popularity&country=NL","","https://www.orderchamp.com/nl/store/fyrespices","fyrespices"
"1647877848-2242","https://www.orderchamp.com/nl/marketplace?sort=popularity&country=NL","","https://www.orderchamp.com/nl/store/jep","JeP Kids"
"1647877097-1916","https://www.orderchamp.com/nl/marketplace?sort=popularity&country=NL","","https://www.orderchamp.com/nl/store/healthy-natural-products","Healthy Natural Products - Solutions Cosmeceuticals"
"1647877252-1984","https://www.orderchamp.com/nl/marketplace?sort=popularity&country=NL","","https://www.orderchamp.com/nl/store/naturn-christmas","Naturn Christmas"
"1647877368-2031","https://www.orderchamp.com/nl/marketplace?sort=popularity&country=NL","","https://www.orderchamp.com/nl/store/clippy","Clippy!"
"1647878025-2319","https://www.orderchamp.com/nl/marketplace?sort=popularity&country=NL","","https://www.orderchamp.com/nl/store/arty-bee","Arty Bee"
"1647877229-1974","https://www.orderchamp.com/nl/marketplace?sort=popularity&country=NL","","https://www.orderchamp.com/nl/store/luppa-1730537505521665","Luppa"
"1647878021-2317","https://www.orderchamp.com/nl/marketplace?sort=popularity&country=NL","","https://www.orderchamp.com/nl/store/fabrikten","Fabrikten"
"1647876958-1855","https://www.orderchamp.com/nl/marketplace?sort=popularity&country=NL","","https://www.orderchamp.com/nl/store/ballonnendealnl","FeestDeco"
"1647877243-1980","https://www.orderchamp.com/nl/marketplace?sort=popularity&country=NL","","https://www.orderchamp.com/nl/store/zoocchini","Zoocchini"
"1647877095-1915","https://www.orderchamp.com/nl/marketplace?sort=popularity&country=NL","","https://www.orderchamp.com/nl/store/rna-design","Love for Candles"
"1647877440-2063","https://www.orderchamp.com/nl/marketplace?sort=popularity&country=NL","","https://www.orderchamp.com/nl/store/1915-watches","1915 watches"
"1647877559-2116","https://www.orderchamp.com/nl/marketplace?sort=popularity&country=NL","","https://www.orderchamp.com/nl/store/mates-spirits","Mates Gold Rum"
"1647877268-1991","https://www.orderchamp.com/nl/marketplace?sort=popularity&country=NL","","https://www.orderchamp.com/nl/store/anna-nera","ANNA NERA"
"1647877179-1952","https://www.orderchamp.com/nl/marketplace?sort=popularity&country=NL","","https://www.orderchamp.com/nl/store/lagardz","LAGARDZ fragrances"
"1647877487-2084","https://www.orderchamp.com/nl/marketplace?sort=popularity&country=NL","","https://www.orderchamp.com/nl/store/zji","ZJÍ Sea Wellness"
"1647877306-2008","https://www.orderchamp.com/nl/marketplace?sort=popularity&country=NL","","https://www.orderchamp.com/nl/store/the-card-company","The Card Company"
"1647877670-2164","https://www.orderchamp.com/nl/marketplace?sort=popularity&country=NL","","https://www.orderchamp.com/nl/store/shakement-bv","Shakement"
"1647877167-1947","https://www.orderchamp.com/nl/marketplace?sort=popularity&country=NL","","https://www.orderchamp.com/nl/store/previtality-bv","Soolong"
"1647877530-2103","https://www.orderchamp.com/nl/marketplace?sort=popularity&country=NL","","https://www.orderchamp.com/nl/store/gm-decoratie","GM decoratie"
"1647877113-1923","https://www.orderchamp.com/nl/marketplace?sort=popularity&country=NL","","https://www.orderchamp.com/nl/store/private-label-diffuser","Private Label Diffuser"
"1647877191-1957","https://www.orderchamp.com/nl/marketplace?sort=popularity&country=NL","","https://www.orderchamp.com/nl/store/herbolist","Herbolist"
"1647878012-2313","https://www.orderchamp.com/nl/marketplace?sort=popularity&country=NL","","https://www.orderchamp.com/nl/store/bij-lien","Bij Lien!"
"1647877465-2074","https://www.orderchamp.com/nl/marketplace?sort=popularity&country=NL","","https://www.orderchamp.com/nl/store/esque","Esque"
"1647877931-2277","https://www.orderchamp.com/nl/marketplace?sort=popularity&country=NL","","https://www.orderchamp.com/nl/store/bohemian-treats","Bohemian Treats"
"1647877765-2206","https://www.orderchamp.com/nl/marketplace?sort=popularity&country=NL","","https://www.orderchamp.com/nl/store/hemp-touch","Hemptouch"
"1647877416-2052","https://www.orderchamp.com/nl/marketplace?sort=popularity&country=NL","","https://www.orderchamp.com/nl/store/ecoffee-cup","Ecoffee Cup"
"1647877134-1932","https://www.orderchamp.com/nl/marketplace?sort=popularity&country=NL","","https://www.orderchamp.com/nl/store/rauw-beton-design","Rauw Beton Design"
"1647877463-2073","https://www.orderchamp.com/nl/marketplace?sort=popularity&country=NL","","https://www.orderchamp.com/nl/store/foldfurniture","fold.furniture"
"1647877774-2210","https://www.orderchamp.com/nl/marketplace?sort=popularity&country=NL","","https://www.orderchamp.com/nl/store/ballenbakje","Ballenbakje"
"1647877129-1930","https://www.orderchamp.com/nl/marketplace?sort=popularity&country=NL","","https://www.orderchamp.com/nl/store/lex-pott","Lex Pott"
"1647877955-2288","https://www.orderchamp.com/nl/marketplace?sort=popularity&country=NL","","https://www.orderchamp.com/nl/store/thalia-cosmetics","Thalia Cosmetics"
"1647877503-2091","https://www.orderchamp.com/nl/marketplace?sort=popularity&country=NL","","https://www.orderchamp.com/nl/store/we-are-all","We are all"
"1647877987-2302","https://www.orderchamp.com/nl/marketplace?sort=popularity&country=NL","","https://www.orderchamp.com/nl/store/vloerkledenwinkel-bv","MOMO Rugs"
"1647878053-2331","https://www.orderchamp.com/nl/marketplace?sort=popularity&country=NL","","https://www.orderchamp.com/nl/store/STCKRS","STCKRS"
"1647877864-2249","https://www.orderchamp.com/nl/marketplace?sort=popularity&country=NL","","https://www.orderchamp.com/nl/store/just-marie-jewellery","Just Marie Jewellery"
"1647877622-2144","https://www.orderchamp.com/nl/marketplace?sort=popularity&country=NL","","https://www.orderchamp.com/nl/store/black-pristine","Black Pristine"
"1647877163-1945","https://www.orderchamp.com/nl/marketplace?sort=popularity&country=NL","","https://www.orderchamp.com/nl/store/the-polar-company-bv","The Polar Company B.V."
"1647877699-2177","https://www.orderchamp.com/nl/marketplace?sort=popularity&country=NL","","https://www.orderchamp.com/nl/store/bottle-up-bv","Bottle Up! B.V."
"1647877905-2266","https://www.orderchamp.com/nl/marketplace?sort=popularity&country=NL","","https://www.orderchamp.com/nl/store/complimentenspel","Complimentenspel"
"1647877554-2114","https://www.orderchamp.com/nl/marketplace?sort=popularity&country=NL","","https://www.orderchamp.com/nl/store/xy-made","XY Made"
"1647876942-1848","https://www.orderchamp.com/nl/marketplace?sort=popularity&country=NL","","https://www.orderchamp.com/nl/store/Vlinderkusje","Studio Vlinderkusje"
"1647877052-1896","https://www.orderchamp.com/nl/marketplace?sort=popularity&country=NL","","https://www.orderchamp.com/nl/store/hassing-holding-bv","Amsterdam Candles Palette"
"1647877409-2049","https://www.orderchamp.com/nl/marketplace?sort=popularity&country=NL","","https://www.orderchamp.com/nl/store/esmay-fashion","Esmay Store"
"1647877770-2208","https://www.orderchamp.com/nl/marketplace?sort=popularity&country=NL","","https://www.orderchamp.com/nl/store/brisagaia","Brisa Gaia"
"1647877976-2297","https://www.orderchamp.com/nl/marketplace?sort=popularity&country=NL","","https://www.orderchamp.com/nl/store/mies-to-go","Mies to Go"
"1647877143-1936","https://www.orderchamp.com/nl/marketplace?sort=popularity&country=NL","","https://www.orderchamp.com/nl/store/all-gems","All Gems organic kidswear"
"1647877329-2015","https://www.orderchamp.com/nl/marketplace?sort=popularity&country=NL","","https://www.orderchamp.com/nl/store/benanna","BEN&ANNA"
"1647877593-2131","https://www.orderchamp.com/nl/marketplace?sort=popularity&country=NL","","https://www.orderchamp.com/nl/store/interhal-betty-bossi","Betty Bossi"
"1647877928-2276","https://www.orderchamp.com/nl/marketplace?sort=popularity&country=NL","","https://www.orderchamp.com/nl/store/woodbridge","Woodbridge®"
"1647877340-2019","https://www.orderchamp.com/nl/marketplace?sort=popularity&country=NL","","https://www.orderchamp.com/nl/store/tipo-design","Tipo design"
"1647877561-2117","https://www.orderchamp.com/nl/marketplace?sort=popularity&country=NL","","https://www.orderchamp.com/nl/store/home-sweet-home","Home Sweet Home"
"1647877910-2268","https://www.orderchamp.com/nl/marketplace?sort=popularity&country=NL","","https://www.orderchamp.com/nl/store/deem-design","Deem Design"
"1647877059-1899","https://www.orderchamp.com/nl/marketplace?sort=popularity&country=NL","","https://www.orderchamp.com/nl/store/casa-di-lise","Casa Di Lise"
"1647877030-1887","https://www.orderchamp.com/nl/marketplace?sort=popularity&country=NL","","https://www.orderchamp.com/nl/store/eigenzinnig-papier","Eigenzinnig papier"
