,followers
0,error loading followers
1,15.1k followers
2,17.6k followers
3,28 followers
4,7 followers
5,"1,381 followers"
6,"6,500 followers"
7,"1,276 followers"
8,"3,554 followers"
9,245 followers
10,"3,912 followers"
11,"1,422 followers"
12,16.1k followers
13,error loading followers
14,11k followers
15,19.6k followers
16,error loading followers
17,102 followers
18,error loading followers
19,783 followers
20,error loading followers
21,"9,841 followers"
22,706 followers
23,548 followers
24,437 followers
25,367 followers
26,"3,476 followers"
27,620 followers
28,error loading followers
29,error loading followers
30,648 followers
31,436 followers
32,"1,855 followers"
33,32.2k followers
34,"2,391 followers"
35,"1,708 followers"
36,"1,722 followers"
37,"5,628 followers"
38,12.1k followers
39,error loading followers
40,182 followers
41,10.4k followers
42,13.7k followers
43,error loading followers
44,57 followers
45,error loading followers
46,"1,681 followers"
47,249 followers
48,error loading followers
49,27k followers
50,error loading followers
51,error loading followers
52,"1,175 followers"
53,error loading followers
54,"1,345 followers"
55,246 followers
56,error loading followers
57,"4,782 followers"
58,137k followers
59,11.2k followers
60,"1,828 followers"
61,error loading followers
62,"7,801 followers"
63,14.8k followers
64,"6,520 followers"
65,error loading followers
66,"2,678 followers"
67,"3,307 followers"
68,"1,509 followers"
69,error loading followers
70,449 followers
71,error loading followers
72,489 followers
73,"4,498 followers"
74,"2,295 followers"
75,"2,732 followers"
76,"1,698 followers"
77,error loading followers
78,20.2k followers
79,569 followers
80,630 followers
81,704 followers
82,error loading followers
83,434 followers
84,"1,568 followers"
85,"1,934 followers"
86,46.3k followers
87,817 followers
88,"9,057 followers"
89,44 followers
90,767 followers
91,"5,262 followers"
92,"1,276 followers"
93,131 followers
94,"1,654 followers"
95,26.4k followers
96,"1,205 followers"
97,error loading followers
98,"7,343 followers"
99,160 followers
100,20.7k followers
101,"6,093 followers"
102,469 followers
103,"1,258 followers"
104,973 followers
105,320 followers
106,"3,125 followers"
107,"9,653 followers"
108,"7,455 followers"
109,error loading followers
110,976 followers
111,error loading followers
112,"2,682 followers"
113,error loading followers
114,63 followers
115,error loading followers
116,366 followers
117,error loading followers
118,error loading followers
119,344 followers
120,221 followers
121,"2,815 followers"
122,error loading followers
123,"3,173 followers"
124,29 followers
125,16.3k followers
126,error loading followers
127,"3,475 followers"
128,535 followers
129,"1,285 followers"
130,"1,552 followers"
131,"1,131 followers"
132,error loading followers
133,86.1k followers
134,528 followers
135,error loading followers
136,540 followers
137,"1,814 followers"
138,204 followers
139,12k followers
140,"1,759 followers"
141,error loading followers
142,19.9k followers
143,"2,557 followers"
144,error loading followers
145,120k followers
146,"7,591 followers"
147,error loading followers
148,141 followers
149,564 followers
150,451 followers
151,13.5k followers
152,261 followers
153,"1,186 followers"
154,18.2k followers
155,386 followers
156,"4,082 followers"
157,44 followers
158,"2,624 followers"
159,"1,381 followers"
160,"1,013 followers"
161,17.3k followers
162,724 followers
163,"1,876 followers"
164,441 followers
165,error loading followers
166,93 followers
167,502 followers
168,"4,823 followers"
169,"1,802 followers"
170,error loading followers
171,error loading followers
172,11.1k followers
173,"7,083 followers"
174,"7,421 followers"
175,57.5k followers
176,error loading followers
177,error loading followers
178,672 followers
179,error loading followers
180,15.7k followers
181,error loading followers
182,"2,822 followers"
183,"4,068 followers"
184,"1,462 followers"
185,error loading followers
186,"1,047 followers"
187,error loading followers
188,"7,207 followers"
189,"3,417 followers"
190,173 followers
191,error loading followers
192,"3,292 followers"
193,error loading followers
194,"1,115 followers"
195,"3,457 followers"
196,216 followers
197,"5,362 followers"
198,"1,352 followers"
199,error loading followers
200,12.1k followers
201,error loading followers
202,"1,304 followers"
203,"4,870 followers"
204,"4,125 followers"
205,"4,660 followers"
206,error loading followers
207,error loading followers
208,14.2k followers
209,"9,436 followers"
210,25.4k followers
211,311 followers
212,"1,865 followers"
213,60 followers
214,"5,151 followers"
215,968 followers
216,82 followers
217,"6,017 followers"
218,error loading followers
219,error loading followers
220,"3,728 followers"
221,548 followers
222,error loading followers
223,"2,262 followers"
224,"1,179 followers"
225,10.4k followers
226,"3,516 followers"
227,"1,794 followers"
228,error loading followers
229,744 followers
230,"4,316 followers"
231,344 followers
232,"8,889 followers"
233,465 followers
234,111 followers
235,error loading followers
236,"2,344 followers"
237,"3,597 followers"
238,error loading followers
239,215 followers
240,90 followers
241,530 followers
242,16.9k followers
243,14.3k followers
244,error loading followers
245,744 followers
246,160k followers
247,error loading followers
248,"4,163 followers"
249,error loading followers
250,"5,146 followers"
251,"7,739 followers"
