,handles
0,@brandthout_interior
1,@Haruco.vert
2,@kunstinkaart.nl
3,@joykitchen.shop
4,@fantt
5,@earthelementsNL
6,@kartent_webshop
7,@peterspecials
8,@afroditisart
9,@textapbedtextiel
10,@therealwinegum
11,@micastricas
12,@cloudberriesofficial
13,no handle found
14,@undercover_otter
15,@hetmuizenhuis
16,@Lorense_brand
17,@rollinrainbows
18,@www.instagram.com
19,@katskalma
20,no handle found
21,@sunny.lifestyle
22,@Hello.botaniqe
23,@thehouseofopulence
24,@studiotekstentekening
25,@surajee
26,@sallyjanebridal
27,@lutumcreations
28,no handle found
29,no handle found
30,@hairdicted.nl
31,@cicidejewelryams
32,@artofxodosch
33,@lovefromme.ie
34,@varily_jewelry
35,@studio_roem
36,@merlinearrings
37,@Ellastiek.Amsterdam
38,@wijnpaal
39,@melany_beau_
40,@suncovajewellery
41,@boutiqueratatouille
42,@Studio_inktvis
43,no handle found
44,@studiodai
45,no handle found
46,@Atelierbludd
47,@colibriespaperbags
48,no handle found
49,@afraamba
50,@www.instagram.com
51,@pawness_dog_essential
52,@alure.scents
53,@www.instagram.com
54,@jointhepipe_eu
55,@blue.monday.coffee
56,no handle found
57,@queenscrunchie
58,@eaglesupply
59,@Wellmark.nl
60,@pompelmoes_kids
61,no handle found
62,@tinneandmia
63,@Palais
64,@ucnatural
65,no handle found
66,@bylaurenamsterdam
67,@pau_design_
68,@walljar_official
69,no handle found
70,@parklife.dog
71,no handle found
72,@kalinastore.eu
73,@ikonic__design
74,@in_a_flashcard
75,@supp24_lifestyle
76,@mistermate
77,no handle found
78,@rockyourworld.ryw
79,@studiomabelle.nl
80,@may21.handmadejewelry
81,@greatceramics
82,no handle found
83,@sweetsea.desserts
84,@mook_stories
85,@cupplement
86,@Gsimperial_nl
87,@studio.carper
88,@adcnlwholesale
89,@mashona_collections
90,@waardevol_thuis
91,@moozlehome
92,@candletime.nl
93,@wanderschoon
94,@indyandnoa
95,@thehappysoaps
96,@su.sana.superfood
97,@canndle_shop
98,@siemz_com
99,@coffeeteastick
100,@loveibizanl
101,@lovemyrte
102,@cafe_pau_brasil
103,@babongo
104,@annapure.nl
105,@binkbedding
106,@bybobbie_
107,@eatfiid
108,@magicbodyfashionbv
109,@www.instagram.com
110,@toetstore
111,no handle found
112,@babywoods_wandcommode
113,no handle found
114,@my.happytrails
115,@BAROQCOJEWELRY
116,@Jb7810
117,@www.instagram.com
118,@www.instagram.com
119,@yoursnaturallynl
120,@eenblikvolontwikkeling
121,@farzinkavaji
122,@www.instagram.com
123,@all_things_we_like
124,@travelfy.art
125,@andannehello
126,@www.instagram.com
127,@xapron.nl
128,@eufrasiajewels
129,@vunacoffeerituals
130,@hardicraft
131,@eljefeprimosalsa
132,no handle found
133,@geraldo.alken
134,@riqueza_cosmetics
135,@www.instagram.com
136,@martitascreation
137,@beezonder
138,@tooday_nl
139,@wooden_amsterdam
140,@hektikcc
141,@www.instagram.com
142,@happinesz2
143,@bella_barkley_collars
144,no handle found
145,@waytoplaytoys
146,@imyogi.kids
147,no handle found
148,@yu_elements_
149,@RoseahStudio
150,@sigilstonestudio
151,@ducettjewelry
152,@deoldekruyk
153,@zodiacglamshop
154,@patriciabosdesigns
155,@sillygoose.illustraties
156,@berbendesign
157,@graphecx
158,@stellalunaarte
159,@studiosophh
160,@Heketa.nl
161,@naturalheroes
162,@dewycreations
163,@candy.freaks
164,@shopsenzatempo
165,no handle found
166,@relix_care
167,@dutchteamaestro
168,@lilyflame_official
169,@het_wol_feetje
170,@www.instagram.com
171,no handle found
172,@iamsanderdekker
173,@label.spruit
174,@maylijewels
175,@opticcolorslenses
176,no handle found
177,no handle found
178,@elateandco
179,no handle found
180,@thegoodroll
181,@www.instagram.com
182,@kidswarelifestyle
183,@getekenddoorzusje
184,@beastofparadise
185,@youall_honest_body_care
186,@lettersandlines.nl
187,no handle found
188,@miskabags
189,@stook.miannedevries
190,@1045
191,@www.instagram.com
192,@thehighfivecompany
193,@combekk_homeware
194,@tipo.design
195,@juffrouwpannenkoekdeco
196,@drama_nerds_
197,@BelaDonaco
198,@lmbabyart.nl
199,@www.instagram.com
200,@Saintclairmont
201,@www.instagram.com
202,@tessaswinkels.bags
203,@Fairytabs
204,@kanwall.nl
205,@funkydoris_
206,no handle found
207,no handle found
208,@stalwartcrafts
209,@aroma.club
210,@BuzziSpace
211,@annamariamusch
212,@realgoodfoodnl
213,@floralkings
214,@tedandtone
215,@liefs.jansje
216,@befold.design
217,@1915watches
218,@estahome.co.uk
219,@pinghe_art
220,@bij_lien
221,@taboosieraden
222,no handle found
223,@pinkcloudstudio
224,@maxsorganicmints
225,@welovetheplanet_official
226,@80noir_ultra
227,@shakementmeals
228,@stitchamsterdam.com
229,@by_WOOM
230,@slowbeautymoments
231,@Silke.Amsterdam
232,@skosh_official
233,@shop_supernovae
234,@tyrocosmeticsofficial
235,@www.instagram.com
236,@studiopaper_com
237,@teraclaynl
238,@hottotnl
239,@studio.emo
240,@seasonblend
241,@rebel.care
242,@annet_weelink_design
243,@by_bazou
244,no handle found
245,@desireddesignnl
246,@pstr.studio
247,@www.instagram.com
248,@ilovebaski
249,no handle found
250,@de_Kunstboer
251,@theverygoodcandleco
