,crm
0,website could not be loaded
1,U
2,S
3,website could not be loaded
4,W
5,U
6,W
7,website could not be loaded
8,website could not be loaded
9,U
10,W
11,website could not be loaded
12,S
13,U
14,S
15,W
16,U
17,U
18,U
19,W
20,S
21,website could not be loaded
22,website could not be loaded
23,website could not be loaded
24,U
25,website could not be loaded
26,website could not be loaded
27,website could not be loaded
28,W
29,U
30,S
31,website could not be loaded
32,website could not be loaded
33,S
34,S
35,S
36,website could not be loaded
37,website could not be loaded
38,W
39,U
40,W
41,S
42,W
43,U
44,S
45,U
46,S
47,S
48,website could not be loaded
49,website could not be loaded
50,W
51,U
52,W
53,website could not be loaded
54,W
55,website could not be loaded
56,U
57,W
58,S
59,W
60,U
61,U
62,U
63,website could not be loaded
64,website could not be loaded
65,website could not be loaded
66,U
67,website could not be loaded
68,website could not be loaded
69,U
70,S
71,website could not be loaded
72,U
73,S
74,S
75,S
76,S
77,U
78,W
79,website could not be loaded
80,W
81,W
82,U
83,U
84,U
85,U
86,S
87,website could not be loaded
88,U
89,W
90,S
91,U
92,U
93,S
94,S
95,website could not be loaded
96,website could not be loaded
97,U
98,U
99,S
100,W
101,W
102,website could not be loaded
103,S
104,website could not be loaded
105,S
106,S
107,U
108,website could not be loaded
109,S
110,U
111,W
112,website could not be loaded
113,website could not be loaded
114,S
115,S
116,W
117,W
118,S
119,S
120,S
121,website could not be loaded
122,U
123,S
124,website could not be loaded
125,website could not be loaded
126,U
127,W
128,U
129,S
130,U
131,U
132,S
133,website could not be loaded
134,W
135,W
136,S
137,U
138,U
139,S
140,W
141,U
142,website could not be loaded
143,W
144,W
145,website could not be loaded
146,U
147,U
148,U
149,S
150,website could not be loaded
151,S
152,U
153,website could not be loaded
154,S
155,W
156,W
157,W
158,S
159,S
160,S
161,website could not be loaded
162,website could not be loaded
163,website could not be loaded
164,W
165,S
166,website could not be loaded
167,S
168,U
169,website could not be loaded
170,website could not be loaded
171,U
172,U
173,U
174,U
175,S
176,S
177,website could not be loaded
178,W
179,S
180,W
181,S
182,S
183,website could not be loaded
184,S
185,U
186,website could not be loaded
187,W
188,S
189,W
190,U
191,website could not be loaded
192,W
193,U
194,W
195,W
196,website could not be loaded
197,W
198,U
199,website could not be loaded
200,website could not be loaded
201,S
202,U
203,website could not be loaded
204,U
205,W
206,U
207,W
208,S
209,U
210,W
211,website could not be loaded
212,W
213,W
214,website could not be loaded
215,U
216,U
217,S
218,website could not be loaded
219,S
220,S
221,U
222,U
223,S
224,website could not be loaded
225,S
226,U
227,U
228,S
229,U
230,website could not be loaded
231,website could not be loaded
232,website could not be loaded
233,S
234,U
235,U
236,S
237,S
238,U
239,U
240,website could not be loaded
241,website could not be loaded
242,U
243,S
244,S
245,U
246,U
247,website could not be loaded
248,website could not be loaded
249,S
250,website could not be loaded
251,U
252,S
253,U
254,S
255,website could not be loaded
256,S
257,S
258,website could not be loaded
259,S
260,S
261,W
262,W
263,W
264,website could not be loaded
265,W
266,S
267,U
268,website could not be loaded
269,W
270,S
271,S
272,U
273,website could not be loaded
274,W
275,website could not be loaded
276,W
277,S
278,U
279,S
280,U
281,U
282,website could not be loaded
283,website could not be loaded
284,website could not be loaded
285,S
286,U
287,S
288,U
289,W
290,S
291,S
292,U
293,U
294,website could not be loaded
295,S
296,W
297,U
298,S
299,U
300,U
301,U
302,W
303,U
304,U
305,U
306,website could not be loaded
307,U
308,website could not be loaded
309,W
310,website could not be loaded
311,U
312,U
313,W
314,website could not be loaded
315,S
316,website could not be loaded
317,U
318,S
319,U
320,W
321,U
322,W
323,W
324,S
325,U
326,W
327,U
328,website could not be loaded
329,website could not be loaded
330,U
331,S
332,W
333,U
334,S
335,U
336,U
337,S
338,website could not be loaded
339,W
340,website could not be loaded
341,website could not be loaded
342,S
343,W
344,W
345,U
346,S
347,website could not be loaded
348,U
349,S
350,U
351,U
352,website could not be loaded
353,W
354,U
355,W
356,U
357,U
358,U
359,S
360,website could not be loaded
361,S
362,website could not be loaded
363,website could not be loaded
364,U
365,U
366,U
367,U
368,U
369,website could not be loaded
370,U
371,S
372,U
373,website could not be loaded
374,S
375,website could not be loaded
376,U
377,S
378,website could not be loaded
379,U
380,U
381,S
382,website could not be loaded
383,website could not be loaded
384,U
385,W
386,website could not be loaded
387,U
388,U
389,website could not be loaded
390,website could not be loaded
391,website could not be loaded
392,U
393,S
394,S
395,website could not be loaded
396,S
397,website could not be loaded
398,W
399,website could not be loaded
400,S
401,U
402,U
403,S
404,U
405,U
406,U
407,U
408,U
409,S
410,U
411,website could not be loaded
412,U
413,website could not be loaded
414,website could not be loaded
415,website could not be loaded
416,website could not be loaded
417,W
418,U
419,S
420,W
421,U
422,W
423,website could not be loaded
424,S
425,S
426,W
427,S
428,W
429,U
430,W
431,website could not be loaded
432,W
433,website could not be loaded
434,U
435,S
436,website could not be loaded
437,U
438,W
439,W
440,U
441,U
442,S
443,website could not be loaded
444,U
445,W
446,website could not be loaded
447,U
448,U
449,U
450,W
451,U
452,website could not be loaded
453,website could not be loaded
454,website could not be loaded
455,W
456,S
457,website could not be loaded
458,W
459,website could not be loaded
460,website could not be loaded
461,website could not be loaded
462,S
463,S
464,S
465,website could not be loaded
466,S
467,website could not be loaded
468,S
469,website could not be loaded
470,W
471,U
472,W
473,U
474,website could not be loaded
475,website could not be loaded
476,U
477,U
478,W
479,U
480,website could not be loaded
481,U
482,W
483,U
484,W
485,U
486,S
487,website could not be loaded
488,website could not be loaded
489,website could not be loaded
490,U
491,S
492,W
493,U
494,S
495,U
496,U
497,S
498,U
499,website could not be loaded
500,W
501,W
502,S
503,website could not be loaded
504,U
505,website could not be loaded
506,S
507,U
508,S
509,U
510,website could not be loaded
511,S
512,website could not be loaded
513,website could not be loaded
514,website could not be loaded
515,website could not be loaded
516,S
517,U
518,S
519,U
520,W
521,website could not be loaded
522,website could not be loaded
523,S
524,website could not be loaded
525,W
526,website could not be loaded
527,website could not be loaded
528,W
529,website could not be loaded
530,U
531,U
532,website could not be loaded
533,U
534,W
535,W
536,S
537,website could not be loaded
538,website could not be loaded
539,S
540,S
541,website could not be loaded
542,S
543,U
544,S
545,website could not be loaded
546,website could not be loaded
547,S
548,S
549,S
550,U
551,W
552,S
553,website could not be loaded
554,S
555,U
556,S
557,website could not be loaded
558,U
559,website could not be loaded
560,website could not be loaded
561,W
562,U
563,website could not be loaded
564,website could not be loaded
565,S
566,W
567,S
568,W
569,website could not be loaded
570,U
571,W
572,W
573,W
574,W
575,W
576,W
577,website could not be loaded
578,S
579,website could not be loaded
580,W
581,W
582,website could not be loaded
583,U
584,U
585,W
586,U
587,U
588,website could not be loaded
589,S
590,W
591,S
592,website could not be loaded
593,W
594,W
595,website could not be loaded
596,website could not be loaded
597,website could not be loaded
598,website could not be loaded
599,website could not be loaded
600,website could not be loaded
601,website could not be loaded
602,website could not be loaded
603,website could not be loaded
604,website could not be loaded
605,website could not be loaded
606,website could not be loaded
607,U
608,website could not be loaded
609,website could not be loaded
610,W
611,W
612,U
613,U
614,website could not be loaded
615,W
616,website could not be loaded
617,website could not be loaded
618,S
619,U
620,W
621,U
622,U
623,U
624,website could not be loaded
625,W
626,W
627,website could not be loaded
628,U
629,website could not be loaded
630,website could not be loaded
631,website could not be loaded
632,S
633,S
634,W
635,website could not be loaded
636,W
637,U
638,W
639,S
640,S
641,U
642,S
643,U
644,W
645,website could not be loaded
646,U
647,U
648,website could not be loaded
649,U
650,U
651,W
652,website could not be loaded
653,U
654,website could not be loaded
655,U
656,website could not be loaded
657,U
658,S
659,U
660,U
661,website could not be loaded
662,website could not be loaded
663,U
664,U
665,U
666,U
667,W
668,website could not be loaded
669,W
670,U
671,U
672,website could not be loaded
673,W
674,website could not be loaded
675,S
676,website could not be loaded
677,U
678,S
679,U
680,website could not be loaded
681,website could not be loaded
682,S
683,S
684,website could not be loaded
685,website could not be loaded
686,U
687,website could not be loaded
688,U
689,S
690,W
691,W
692,website could not be loaded
693,website could not be loaded
694,W
695,S
696,U
697,S
698,U
699,U
700,S
701,S
702,S
703,W
704,website could not be loaded
705,S
706,W
707,website could not be loaded
708,U
709,website could not be loaded
710,S
711,W
712,U
713,website could not be loaded
714,U
715,website could not be loaded
716,S
717,W
718,S
719,S
720,U
721,S
722,S
723,website could not be loaded
724,S
725,W
726,S
727,website could not be loaded
728,website could not be loaded
729,W
730,W
731,U
732,S
733,website could not be loaded
734,S
735,U
736,W
737,S
738,U
739,S
740,S
741,U
742,website could not be loaded
743,W
744,W
745,U
746,S
747,W
748,U
749,U
750,website could not be loaded
751,U
752,S
753,S
754,U
755,website could not be loaded
756,website could not be loaded
757,W
758,website could not be loaded
759,S
760,website could not be loaded
761,website could not be loaded
762,U
763,S
764,website could not be loaded
765,website could not be loaded
766,U
767,S
768,website could not be loaded
769,U
770,U
771,W
772,U
773,U
774,U
775,W
776,website could not be loaded
777,U
778,S
779,S
780,website could not be loaded
781,website could not be loaded
782,website could not be loaded
783,W
784,W
785,W
786,website could not be loaded
787,U
788,U
789,U
790,website could not be loaded
791,S
792,website could not be loaded
793,U
794,U
795,S
796,U
797,website could not be loaded
798,website could not be loaded
799,S
800,S
801,website could not be loaded
802,U
803,website could not be loaded
804,S
805,website could not be loaded
806,website could not be loaded
807,website could not be loaded
808,S
809,S
810,W
811,W
812,S
813,U
814,U
815,W
816,S
817,W
818,W
819,S
820,S
821,W
822,website could not be loaded
823,U
824,U
825,U
826,U
827,website could not be loaded
828,U
829,U
830,website could not be loaded
831,S
832,W
833,website could not be loaded
834,W
835,S
836,website could not be loaded
837,website could not be loaded
838,U
839,S
840,U
841,W
842,S
843,W
844,W
845,S
846,W
847,website could not be loaded
848,S
849,U
850,S
851,website could not be loaded
852,W
853,W
854,U
855,S
856,W
857,U
858,U
859,website could not be loaded
860,W
861,website could not be loaded
862,U
863,website could not be loaded
864,S
865,website could not be loaded
866,website could not be loaded
867,website could not be loaded
868,website could not be loaded
869,website could not be loaded
870,website could not be loaded
871,U
872,U
873,S
874,S
875,W
876,W
877,W
878,W
879,website could not be loaded
880,U
881,U
882,website could not be loaded
883,website could not be loaded
884,U
885,website could not be loaded
886,S
887,W
888,U
889,U
890,S
891,S
892,U
893,website could not be loaded
894,U
895,W
896,S
897,W
898,website could not be loaded
899,U
900,W
901,W
902,S
903,U
904,W
905,U
906,website could not be loaded
907,U
908,W
909,website could not be loaded
910,S
911,website could not be loaded
912,S
913,S
914,U
915,W
916,U
917,website could not be loaded
918,U
919,U
920,website could not be loaded
921,U
922,U
923,website could not be loaded
924,website could not be loaded
925,W
926,website could not be loaded
927,website could not be loaded
928,website could not be loaded
929,W
930,website could not be loaded
931,S
932,W
933,U
934,U
935,U
936,S
937,website could not be loaded
938,W
939,U
940,W
941,website could not be loaded
942,S
943,S
944,website could not be loaded
945,website could not be loaded
946,U
947,W
948,S
949,W
950,U
951,website could not be loaded
952,website could not be loaded
953,U
954,W
955,S
956,website could not be loaded
957,U
958,W
959,website could not be loaded
960,website could not be loaded
961,U
962,U
963,U
964,U
965,website could not be loaded
966,U
967,U
968,W
969,U
970,website could not be loaded
971,U
972,U
973,W
974,website could not be loaded
975,website could not be loaded
976,S
977,U
978,website could not be loaded
979,U
980,S
981,S
982,W
983,website could not be loaded
984,U
985,W
986,U
987,U
988,website could not be loaded
989,W
990,S
991,website could not be loaded
992,W
993,S
994,website could not be loaded
995,W
996,U
997,website could not be loaded
998,website could not be loaded
999,website could not be loaded
1000,website could not be loaded
1001,website could not be loaded
1002,website could not be loaded
1003,website could not be loaded
1004,website could not be loaded
1005,website could not be loaded
1006,website could not be loaded
1007,website could not be loaded
1008,website could not be loaded
1009,W
1010,U
1011,U
1012,website could not be loaded
1013,website could not be loaded
1014,website could not be loaded
1015,U
1016,U
1017,U
1018,S
1019,W
1020,S
1021,website could not be loaded
1022,S
1023,W
1024,website could not be loaded
1025,U
1026,U
1027,W
1028,website could not be loaded
1029,U
1030,W
1031,W
1032,S
1033,U
1034,S
1035,website could not be loaded
1036,W
1037,website could not be loaded
1038,U
1039,W
1040,S
1041,U
1042,W
1043,U
1044,U
1045,website could not be loaded
1046,website could not be loaded
1047,W
1048,S
1049,S
1050,website could not be loaded
1051,website could not be loaded
1052,S
1053,website could not be loaded
1054,U
1055,website could not be loaded
1056,website could not be loaded
1057,W
1058,U
1059,U
1060,U
1061,U
1062,website could not be loaded
1063,W
1064,U
1065,website could not be loaded
1066,S
1067,website could not be loaded
1068,website could not be loaded
1069,website could not be loaded
1070,S
1071,U
1072,U
1073,W
1074,U
1075,W
1076,website could not be loaded
1077,W
1078,W
1079,website could not be loaded
1080,W
1081,W
1082,website could not be loaded
1083,W
1084,S
1085,website could not be loaded
1086,U
1087,website could not be loaded
1088,U
1089,W
1090,website could not be loaded
1091,website could not be loaded
1092,U
1093,S
1094,S
1095,S
1096,W
1097,website could not be loaded
1098,U
1099,S
1100,website could not be loaded
1101,S
1102,website could not be loaded
1103,W
1104,W
1105,S
1106,website could not be loaded
1107,U
1108,U
1109,U
1110,website could not be loaded
1111,W
1112,S
1113,W
1114,U
1115,S
1116,U
1117,W
1118,U
1119,W
1120,U
1121,U
1122,S
1123,website could not be loaded
1124,website could not be loaded
1125,website could not be loaded
1126,U
1127,W
1128,W
1129,W
1130,S
1131,U
1132,W
1133,S
1134,U
1135,S
1136,W
1137,W
1138,W
1139,U
1140,U
1141,website could not be loaded
1142,U
1143,S
1144,S
1145,U
1146,W
1147,U
1148,W
1149,W
1150,U
1151,W
1152,website could not be loaded
1153,website could not be loaded
1154,W
1155,S
1156,U
1157,U
1158,website could not be loaded
1159,S
1160,S
1161,W
1162,website could not be loaded
1163,U
1164,W
1165,website could not be loaded
1166,S
1167,U
1168,website could not be loaded
1169,S
1170,website could not be loaded
1171,website could not be loaded
1172,U
1173,U
1174,website could not be loaded
1175,W
1176,U
1177,website could not be loaded
1178,S
1179,S
1180,W
1181,U
1182,U
1183,U
1184,website could not be loaded
1185,website could not be loaded
1186,U
1187,U
1188,U
1189,W
1190,website could not be loaded
1191,U
1192,W
1193,U
1194,W
1195,S
1196,website could not be loaded
1197,U
1198,U
1199,W
1200,W
1201,W
1202,S
1203,U
1204,U
1205,U
1206,website could not be loaded
1207,W
1208,S
1209,S
1210,W
1211,U
1212,S
1213,U
1214,U
1215,U
1216,W
1217,S
1218,S
1219,S
1220,U
1221,website could not be loaded
1222,website could not be loaded
1223,S
1224,W
1225,website could not be loaded
1226,W
1227,W
1228,S
1229,U
1230,W
1231,website could not be loaded
1232,website could not be loaded
1233,website could not be loaded
1234,website could not be loaded
1235,S
1236,W
1237,S
1238,S
1239,website could not be loaded
1240,website could not be loaded
1241,website could not be loaded
1242,website could not be loaded
1243,website could not be loaded
1244,website could not be loaded
1245,website could not be loaded
1246,website could not be loaded
1247,website could not be loaded
1248,website could not be loaded
1249,website could not be loaded
1250,website could not be loaded
1251,website could not be loaded
1252,website could not be loaded
1253,website could not be loaded
1254,website could not be loaded
1255,website could not be loaded
1256,website could not be loaded
1257,website could not be loaded
1258,website could not be loaded
1259,website could not be loaded
1260,website could not be loaded
1261,website could not be loaded
1262,website could not be loaded
1263,website could not be loaded
1264,website could not be loaded
1265,website could not be loaded
1266,website could not be loaded
1267,website could not be loaded
1268,website could not be loaded
1269,website could not be loaded
1270,website could not be loaded
1271,website could not be loaded
1272,website could not be loaded
1273,website could not be loaded
1274,website could not be loaded
1275,website could not be loaded
1276,website could not be loaded
1277,website could not be loaded
1278,website could not be loaded
1279,website could not be loaded
1280,website could not be loaded
1281,website could not be loaded
1282,website could not be loaded
1283,website could not be loaded
1284,website could not be loaded
1285,website could not be loaded
1286,website could not be loaded
1287,website could not be loaded
1288,website could not be loaded
1289,website could not be loaded
1290,website could not be loaded
1291,website could not be loaded
1292,website could not be loaded
1293,website could not be loaded
1294,website could not be loaded
1295,website could not be loaded
1296,website could not be loaded
1297,website could not be loaded
1298,website could not be loaded
1299,website could not be loaded
1300,website could not be loaded
1301,website could not be loaded
1302,website could not be loaded
1303,website could not be loaded
1304,website could not be loaded
1305,website could not be loaded
1306,website could not be loaded
1307,website could not be loaded
1308,website could not be loaded
1309,website could not be loaded
1310,website could not be loaded
1311,website could not be loaded
1312,website could not be loaded
1313,website could not be loaded
1314,website could not be loaded
1315,website could not be loaded
1316,website could not be loaded
1317,website could not be loaded
1318,website could not be loaded
1319,website could not be loaded
1320,website could not be loaded
1321,website could not be loaded
1322,website could not be loaded
1323,website could not be loaded
1324,website could not be loaded
1325,website could not be loaded
1326,website could not be loaded
1327,website could not be loaded
1328,website could not be loaded
1329,website could not be loaded
1330,website could not be loaded
1331,website could not be loaded
1332,website could not be loaded
1333,website could not be loaded
1334,website could not be loaded
1335,website could not be loaded
1336,website could not be loaded
1337,website could not be loaded
1338,website could not be loaded
1339,website could not be loaded
1340,website could not be loaded
1341,website could not be loaded
1342,website could not be loaded
1343,website could not be loaded
1344,website could not be loaded
1345,website could not be loaded
1346,website could not be loaded
1347,website could not be loaded
1348,website could not be loaded
1349,website could not be loaded
1350,website could not be loaded
1351,website could not be loaded
1352,website could not be loaded
1353,website could not be loaded
1354,website could not be loaded
1355,website could not be loaded
1356,website could not be loaded
1357,website could not be loaded
1358,website could not be loaded
1359,website could not be loaded
1360,website could not be loaded
1361,website could not be loaded
1362,website could not be loaded
1363,website could not be loaded
1364,website could not be loaded
1365,website could not be loaded
1366,website could not be loaded
1367,website could not be loaded
1368,website could not be loaded
1369,website could not be loaded
1370,website could not be loaded
1371,website could not be loaded
1372,website could not be loaded
1373,website could not be loaded
1374,website could not be loaded
1375,website could not be loaded
1376,website could not be loaded
1377,website could not be loaded
1378,website could not be loaded
1379,website could not be loaded
1380,website could not be loaded
1381,website could not be loaded
1382,website could not be loaded
1383,website could not be loaded
1384,website could not be loaded
1385,website could not be loaded
1386,website could not be loaded
1387,website could not be loaded
1388,website could not be loaded
1389,website could not be loaded
1390,website could not be loaded
1391,website could not be loaded
1392,website could not be loaded
1393,website could not be loaded
1394,website could not be loaded
1395,website could not be loaded
1396,website could not be loaded
1397,website could not be loaded
1398,website could not be loaded
1399,website could not be loaded
1400,website could not be loaded
1401,website could not be loaded
1402,website could not be loaded
1403,website could not be loaded
1404,website could not be loaded
1405,website could not be loaded
1406,website could not be loaded
1407,website could not be loaded
1408,website could not be loaded
1409,website could not be loaded
1410,website could not be loaded
1411,website could not be loaded
1412,website could not be loaded
1413,website could not be loaded
1414,website could not be loaded
1415,website could not be loaded
1416,website could not be loaded
1417,website could not be loaded
1418,website could not be loaded
1419,website could not be loaded
1420,website could not be loaded
1421,website could not be loaded
1422,website could not be loaded
1423,website could not be loaded
1424,website could not be loaded
1425,website could not be loaded
1426,website could not be loaded
1427,website could not be loaded
1428,website could not be loaded
1429,website could not be loaded
1430,website could not be loaded
1431,website could not be loaded
1432,website could not be loaded
1433,website could not be loaded
1434,website could not be loaded
1435,website could not be loaded
1436,website could not be loaded
1437,website could not be loaded
1438,website could not be loaded
1439,website could not be loaded
1440,website could not be loaded
1441,website could not be loaded
1442,website could not be loaded
1443,website could not be loaded
1444,website could not be loaded
1445,website could not be loaded
1446,website could not be loaded
1447,website could not be loaded
1448,website could not be loaded
1449,website could not be loaded
1450,website could not be loaded
1451,website could not be loaded
1452,website could not be loaded
1453,website could not be loaded
1454,website could not be loaded
1455,website could not be loaded
1456,website could not be loaded
1457,website could not be loaded
1458,website could not be loaded
1459,website could not be loaded
1460,website could not be loaded
1461,website could not be loaded
1462,website could not be loaded
1463,website could not be loaded
1464,website could not be loaded
1465,website could not be loaded
1466,website could not be loaded
1467,website could not be loaded
1468,website could not be loaded
1469,website could not be loaded
1470,website could not be loaded
1471,website could not be loaded
1472,website could not be loaded
1473,website could not be loaded
1474,website could not be loaded
1475,website could not be loaded
1476,website could not be loaded
1477,website could not be loaded
1478,website could not be loaded
1479,website could not be loaded
1480,website could not be loaded
1481,website could not be loaded
1482,website could not be loaded
1483,website could not be loaded
1484,website could not be loaded
1485,website could not be loaded
1486,website could not be loaded
1487,website could not be loaded
1488,website could not be loaded
1489,website could not be loaded
1490,website could not be loaded
1491,website could not be loaded
1492,website could not be loaded
1493,website could not be loaded
1494,website could not be loaded
1495,website could not be loaded
1496,website could not be loaded
1497,website could not be loaded
1498,website could not be loaded
1499,website could not be loaded
1500,website could not be loaded
1501,website could not be loaded
1502,website could not be loaded
1503,website could not be loaded
1504,website could not be loaded
1505,website could not be loaded
1506,website could not be loaded
1507,website could not be loaded
1508,website could not be loaded
1509,website could not be loaded
1510,website could not be loaded
1511,website could not be loaded
1512,website could not be loaded
1513,website could not be loaded
1514,website could not be loaded
1515,website could not be loaded
1516,website could not be loaded
1517,website could not be loaded
1518,website could not be loaded
1519,website could not be loaded
1520,website could not be loaded
1521,website could not be loaded
1522,website could not be loaded
1523,website could not be loaded
1524,website could not be loaded
1525,website could not be loaded
1526,website could not be loaded
1527,website could not be loaded
1528,website could not be loaded
1529,website could not be loaded
1530,website could not be loaded
1531,website could not be loaded
1532,website could not be loaded
1533,website could not be loaded
1534,website could not be loaded
1535,website could not be loaded
1536,website could not be loaded
1537,website could not be loaded
1538,website could not be loaded
1539,website could not be loaded
1540,website could not be loaded
1541,website could not be loaded
1542,website could not be loaded
1543,website could not be loaded
1544,website could not be loaded
1545,website could not be loaded
1546,website could not be loaded
1547,website could not be loaded
1548,website could not be loaded
1549,website could not be loaded
1550,website could not be loaded
1551,website could not be loaded
1552,website could not be loaded
1553,website could not be loaded
1554,website could not be loaded
1555,website could not be loaded
1556,website could not be loaded
1557,website could not be loaded
1558,website could not be loaded
1559,website could not be loaded
1560,website could not be loaded
1561,website could not be loaded
1562,website could not be loaded
1563,website could not be loaded
1564,website could not be loaded
1565,website could not be loaded
1566,website could not be loaded
1567,website could not be loaded
1568,website could not be loaded
1569,website could not be loaded
1570,website could not be loaded
1571,website could not be loaded
1572,website could not be loaded
1573,website could not be loaded
1574,website could not be loaded
1575,website could not be loaded
1576,website could not be loaded
1577,website could not be loaded
1578,website could not be loaded
1579,website could not be loaded
1580,website could not be loaded
1581,website could not be loaded
1582,website could not be loaded
1583,website could not be loaded
1584,website could not be loaded
1585,website could not be loaded
1586,website could not be loaded
1587,website could not be loaded
1588,website could not be loaded
1589,website could not be loaded
1590,website could not be loaded
1591,website could not be loaded
1592,website could not be loaded
1593,website could not be loaded
1594,website could not be loaded
1595,website could not be loaded
1596,website could not be loaded
1597,website could not be loaded
