,websites
0,error loading websitis
1,www.lagardz.com
2,www.hetmuizenhuis.nl/products/het-muizenhuis-de-haven
3,error loading websitis
4,www.bohemiandeco.com
5,www.r-rebels.nl
6,www.dearmaya.com
7,error loading websitis
8,error loading websitis
9,www.kleinegiraf.nl
10,www.fortunabeads.com
11,error loading websitis
12,lmbabyart.nl
13,www.kiddi-shop.nl
14,fairytabs.com
15,www.dearmaya.com
16,www.plantjerouw.nl
17,www.bylout.nl/a-66447520/happy-horse-tuttels/leopard-lou-tuttle-produced-by-happy-horse
18,bit.ly/3gwNbu3
19,www.essentialistics.com
20,www.teddysoriginal.com
21,error loading websitis
22,error loading websitis
23,hetlichtlab.com
24,www.studioinsenouts-stationery.com
25,error loading websitis
26,error loading websitis
27,error loading websitis
28,www.studioamberisabel.com
29,www.kywie.com
30,bit.ly/3ue2yyl
31,error loading websitis
32,error loading websitis
33,linktr.ee/beewise
34,linktr.ee/ao_originals
35,linkin.bio/someteanl
36,error loading websitis
37,error loading websitis
38,pikaplant.com/psgt
39,www.lamaddalena.shop
40,engelpunt.com/blog/een-nieuw-begin
41,linktr.ee/biobuddi
42,www.lv-factory.nl
43,www.liefenlotus.nl
44,linktr.ee/gezinnig
45,www.liefdeoppapier.nl
46,primalessence.com
47,www.doenya.com
48,error loading websitis
49,error loading websitis
50,www.masaskincare.com
51,www.sompex.de
52,studioliefslinne.nl/studio-liefs-linne-linkjes
53,error loading websitis
54,planningwize.nl/link-in-bio
55,error loading websitis
56,www.danibelle.nl
57,i-do.bio/register/
58,linktr.ee/misshoneybird
59,www.aboutcoffeeandtea.nl
60,www.swiss-pro.nl
61,byjavy.faire.com
62,www.kidooz.nl
63,error loading websitis
64,error loading websitis
65,error loading websitis
66,msha.ke/kindrebel_
67,error loading websitis
68,error loading websitis
69,www.leschi.de
70,bit.ly/2LVV4Mo
71,error loading websitis
72,nobleza.eu
73,lezen-europe.com
74,www.paperoni.nl
75,www.il-limone.eu
76,linktr.ee/nuud
77,www.byshir.com
78,www.decoratietakken.nl
79,error loading websitis
80,www.tallmenstanding.nl
81,www.eufrasiajewels.nl
82,www.myroundie.com
83,www.peek-a-beau.nl/haarbandjes/strik-haarbandjes
84,www.christmasinspirations.nl
85,www.babyfanti.nl
86,linktr.ee/jakefood
87,green-warriors.nl
88,www.woodsensation.com
89,www.just-marie.nl
90,linktr.ee/studiosophh
91,www.byboosz.nl
92,www.sompex.de
93,linktr.ee/Bruthomeware
94,linktr.ee/we.are.soilmates
95,error loading websitis
96,error loading websitis
97,www.woodiful.com
98,www.hape.com
99,www.indi-me.nl
100,www.urbancotton.nl
101,www.thehighfivecompany.com/zotter-spring-easter
102,error loading websitis
103,www.doenya.com
104,error loading websitis
105,linktr.ee/ollysollys
106,linkin.bio/weangreen
107,www.mypaperstories.com
108,error loading websitis
109,linkin.bio/apsnederland
110,www.kiekebroek.nl
111,www.anneadriana.com
112,error loading websitis
113,error loading websitis
114,bit.ly/3ue2yyl
115,mister33.com
116,www.winecandle.nl
117,www.o-that.nl
118,linktr.ee/biobuddi
119,www.pstrstudio.com
120,linkin.bio/shampoobars-nl
121,error loading websitis
122,serendipitydesignbb.etsy.com
123,www.juulry.com
124,error loading websitis
125,error loading websitis
126,www.dutchwasabi.nl
127,www.studiozwaanstraat.nl
128,bit.ly/super-jool
129,www.wildcardboxingstore.com
130,www.designstracker.com
131,www.actinovo.com/links
132,www.cardcollection.nl
133,error loading websitis
134,www.jewelz46.nl
135,www.schoolfotoboek.com
136,www.teddysoriginal.com
137,mondiart.com/sample-sale
138,lnkd.in/ekuBgMMp
139,athenaisjewels.com
140,www.9teas.nl
141,www.mrsbloom.nl
142,error loading websitis
143,www.boomba-bamboo.com
144,www.winecandle.nl
145,error loading websitis
146,www.fika-premiumcoffee.eu
147,bit.ly/37fi0jL
148,www.airplantshop.nl
149,www.floraya.nl
150,error loading websitis
151,www.5mmpaper.com
152,zatthu.nl/insta-links
153,error loading websitis
154,www.bonniestudios.com
155,www.madhurabags.com
156,www.welovetheplanet.nl/nl/we-love-lip-balm
157,www.lifestyle2love.nl
158,linkin.bio/foodforskin-care
159,linktr.ee/plantophilecom
160,linktr.ee/marshmallowandme
161,error loading websitis
162,error loading websitis
163,error loading websitis
164,www.schoolfotoboek.com
165,www.burkerwatches.com
166,error loading websitis
167,linktr.ee/queenscrunchie
168,www.tasjesgek.nl
169,error loading websitis
170,error loading websitis
171,www.interhal.nl/abodee/vacatures
172,www.newclassictoys.com
173,www.lifestyleenwol.nl
174,acties.cosmopolitan.nl/cosmopolitan_beauty_awards_2021
175,linktr.ee/mauritshuis_museum
176,linktr.ee/kleinebaasjes
177,error loading websitis
178,www.bendl.nl
179,www.5mmpaper.com
180,fearaway.nl
181,www.amstractly.com/collections/all
182,linktr.ee/insidershair
183,error loading websitis
184,www.fashionthings.com
185,www.kliederz.nl/563750_slabben-hoeveel-heb-je-er-nodig
186,error loading websitis
187,www.zusje-van.nl
188,www.brewmonkey.nl
189,www.suppliedbylily.com
190,bartsbeans.nl
191,error loading websitis
192,www.mini-art.nl
193,www.studioroem.nl/links
194,www.artezayne.com
195,www.dearmaya.com
196,error loading websitis
197,myloveforcandles.nl
198,www.newclassictoys.com
199,error loading websitis
200,error loading websitis
201,linkin.bio/sophie_de_giraf
202,www.duic.nl/ondernemen/utrechts-gemaakt-joost-gijzel-ontwerpt-sinds-twee-jaar-stadsgerelateerde-producten
203,error loading websitis
204,www.sompex.de
205,www.bylaurenamsterdam.nl/christmas-gifts
206,www.vtwonen.nl/linkinbio
207,www.mistermate.com
208,www.arte-gia.com
209,www.giftoftheyear.co.uk/2022-category/international/walkytalkies
210,www.bandajanas.com
211,error loading websitis
212,www.ivyoliver.nl/winkel
213,gezondedutchies.nl/anti-age
214,error loading websitis
215,www.globalgreentextiles.com
216,www.ylxgear.com
217,linkin.bio/opinelofficiel
218,error loading websitis
219,linkin.bio/studioinsenouts
220,linktr.ee/earthelementsnl
221,www.kleinegiraf.nl
222,luxmusthaves.nl
223,www.anascrystal.care
224,error loading websitis
225,linkin.bio/babywoods_wandcommode
226,www.liefenlotus.nl
227,www.orderchamp.com/nl/store/smuk/signup
228,linktr.ee/koestert
229,www.peek-a-beau.nl/haarbandjes/strik-haarbandjes
230,error loading websitis
231,error loading websitis
232,error loading websitis
233,douparis.com
234,www.irmadammekes.nl
235,bit.ly/GuildAwards2022VoteNow
236,www.mablehappiness.com
237,linkin.bio/palaisdeleau
238,www.merilou.nl/retailers
239,www.edwali.nl
240,error loading websitis
241,error loading websitis
242,www.byboosz.nl
243,dutchcbdcompanydcc.com
244,shop.dilmahtea.nl
245,www.studiobydiede.com
246,www.blaauwbloed.nl/collectie
247,error loading websitis
248,error loading websitis
249,linktr.ee/Magsupyourmind
250,error loading websitis
251,www.homeystoolsforlife.com
252,www.kiddo.nl/nl/lookbook
253,www.eberhardjes.nl/proeven
254,make-history.com/collections/all
255,error loading websitis
256,flowcosmetics.fi/collections/meikit
257,www.revoxb77.com
258,www.snippers.shop
259,linktr.ee/moonschrijft
260,linktr.ee/Moyu_notebooks
261,fabrykdesign.nl/product-categorie/tuincollectie
262,www.natuurlijkedeo.nl/in-de-media/interview-met-aukje-van-natuurlijkedeo-door-feminien
263,lastories.nl
264,error loading websitis
265,fearaway.nl
266,windmillkey.com
267,www.goedkopeamberblokjes.nl
268,error loading websitis
269,woodenamsterdam.com
270,linkin.bio/ig-growingconcepts
271,shop.dilmahtea.nl
272,www.lucaatelier.com
273,error loading websitis
274,www.softiebabymusthaves.nl
275,error loading websitis
276,www.naaais.com
277,www.label2x.com
278,campsite.bio/tinymiracles
279,cloudnola.com
280,fun2give.nl/re-cycle-me
281,www.babongoshop.nl
282,error loading websitis
283,error loading websitis
284,error loading websitis
285,linktr.ee/aimeedemars?utm_source=qr_code
286,www.ankorstore.com/lift/the-big-gifts-18048
287,www.fyrespices.com
288,www.ilovebaski.com
289,www.tuin-kunst.nl
290,linktr.ee/jannekeswarmtesjaal
291,linktr.ee/popcornshop
292,www.studiopainted.com
293,www.orderchamp.com/nl/store/smuk/signup
294,www.petitezigova.com
295,umbrellaamarela.com
296,knapzakdesign.nl/offerte
297,www.aiymes.nl
298,www.krienskincare.com
299,bio.site/versvandepers
300,www.theblockprinttree.com
301,www.studiobydiede.com
302,www.studioamberisabel.com
303,www.toenga.nl
304,www.hape.com
305,www.urbandbracelets.nl
306,error loading websitis
307,www.vanburenbolsward.nl
308,ùóêùóêùóê.ùñªùóàùóÅùñæùóÜùóÇùñ∫ùóáùóçùóãùñæùñ∫ùóçùóå.ùóáùóÖ
309,www.prints-charming.nl
310,error loading websitis
311,www.emiliescarves.com
312,www.joyin.world
313,boho-beach.nl
314,error loading websitis
315,linktr.ee/little_universe.nl
316,error loading websitis
317,beachie.nl
318,linkin.bio/poufspillows
319,www.heerlijkuitdestreek.nl
320,www.aapjepie.nl
321,mailchi.mp/chewiesandmore.com/nieuwecollectiegiveaway
322,bymani.com
323,www.gmdecoratie.nl
324,linkin.bio/elicious_eu
325,boldking.com
326,woodenamsterdam.com
327,www.kleinemannen.nl
328,error loading websitis
329,error loading websitis
330,www.edwali.nl
331,babyzus.nl
332,www.zusje-van.nl
333,thecoolclub.co
334,studiojux.com/collections/sale
335,www.studiocarlijn.com
336,www.noxamsterdam.com
337,www.volka.nl
338,error loading websitis
339,digusti.nl/product-categorie/limoncello-more
340,error loading websitis
341,error loading websitis
342,soapwalla.com
343,freebellion.nl
344,www.brandmeesters.nl
345,www.byboosz.nl
346,www.neolea.com
347,www.urbancotton.nl
348,www.malique.eu
349,slic.kitchen/pages/freestand
350,www.sednabags.com
351,linksome.me/getclippy
352,error loading websitis
353,www.247stoer.nl
354,www.youtube.com/watch?v=l_XETIoJQ1Q&t=17s
355,www.allthingswelike.com/allthingswelike.com/product-category/jewelry-2/pins
356,bio.site/joycehvn.art
357,studiostringart.nl/eigen-foto
358,www.edwali.nl
359,maisondeux.com/products/lemons-rug-80x120
360,error loading websitis
361,linktr.ee/weddingmusthave.nl
362,error loading websitis
363,error loading websitis
364,vanmooi.nl
365,www.taboosieraden.nl
366,www.dlijsblok.nl
367,joesheroes.com
368,willemswermoed.com/shop
369,error loading websitis
370,www.sellamolenaar.com/links
371,bit.ly/2LVV4Mo
372,www.villavesper.nl
373,error loading websitis
374,linktr.ee/laoliviakids
375,error loading websitis
376,www.woodsensation.com
377,linktr.ee/returntosender_nl
378,error loading websitis
379,www.rijkvolbloemen.nl
380,www.sompex.de
381,linktr.ee/PUPstore
382,error loading websitis
383,error loading websitis
384,www.designedbyman.nl
385,www.shake-it-baby.com
386,error loading websitis
387,www.guardini.com/it/prodotti/linee/collezioni-monouso/easy-bake/stampo-stella.html
388,www.boomingbags.nl
389,error loading websitis
390,error loading websitis
391,kitchenofsmiles.com
392,www.woodsensation.com
393,linktr.ee/thewishlabel
394,www.luxuryliving.nl
395,error loading websitis
396,www.fyrespices.com
397,error loading websitis
398,www.saintclairmont.com
399,error loading websitis
400,www.tochi.nl
401,sked.link/saycheesetoday
402,www.joyin.world
403,www.silkyslickstick.com
404,beachie.nl
405,www.taadaa.shop
406,www.liefenlotus.nl
407,www.potvolliefde.nl
408,www.hillsandfield.nl
409,linktr.ee/beewise
410,www.ploff-post.nl
411,error loading websitis
412,www.interhal.nl/bezoek-trademart
413,error loading websitis
414,error loading websitis
415,error loading websitis
416,error loading websitis
417,www.recenttoys.com
418,www.bol.com/nl/nl/b/idecorate/603196747
419,www.twistea.nl
420,www.gmdecoratie.nl
421,www.olivella.nl
422,www.gewoonjip.nl
423,error loading websitis
424,linktr.ee/designbyremember
425,linktr.ee/proofeyewearnederland
426,www.mirnaskincare.com
427,www.nomoreplasticbags.nl
428,www.vellutiernederland.nl
429,dutchstyle.eu
430,collectivwarehouse.com/categorie/nieuw
431,error loading websitis
432,www.allthingswelike.com/allthingswelike.com/product-category/jewelry-2/pins
433,error loading websitis
434,www.mrjones.org
435,agathaporto.com
436,error loading websitis
437,www.sidedish-shop.nl
438,www.puntposters.nl
439,anadyla.com/insta
440,www.eigenzinnigpapier.nl
441,katskalma.com
442,lezen-europe.com
443,error loading websitis
444,stationerystore.nl
445,www.woodlane.eu
446,error loading websitis
447,thecoolclub.co
448,time-for-watches.turis.app/forms/b2b-aanvraag
449,www.studioroem.nl/links
450,www.sodafashion.nl
451,linksome.me/linkinbio
452,error loading websitis
453,error loading websitis
454,error loading websitis
455,www.soapgifts.nl
456,www.wildcardboxingstore.com
457,error loading websitis
458,woodenamsterdam.com
459,error loading websitis
460,error loading websitis
461,error loading websitis
462,www.loesieloe.nl
463,linkin.bio/poufspillows
464,linkin.bio/carreraculinair
465,error loading websitis
466,linktr.ee/creativecosmetics.nl
467,error loading websitis
468,windmillkey.com
469,error loading websitis
470,www.shake-it-baby.com
471,www.kleinegiraf.nl
472,www.interiorscent.nl
473,www.malique.eu
474,error loading websitis
475,error loading websitis
476,www.happycrafting.nl
477,www.r-rebels.nl
478,justdreamz.shop
479,bit.ly/GuildAwards2022VoteNow
480,error loading websitis
481,www.globalgreentextiles.com
482,goldenrose.nl
483,www.loveibiza.nl
484,www.rozabluehome.com/shop-start/?doing_wp_cron=1638172956.1442720890045166015625
485,katskalma.com
486,www.kraek.com
487,error loading websitis
488,error loading websitis
489,error loading websitis
490,www.thebritishbagcompany.com
491,linktr.ee/marshmallowandme
492,www.flonalcookware.it/shop
493,www.orderchamp.com/nl/store/kurk-by-doowz
494,tedenfred.nl/pages/meer
495,www.youtube.com/watch?v=l_XETIoJQ1Q&t=17s
496,kusjeopjehart.nl/product/moederdagpakketje-heart
497,linktr.ee/renskeversluijs
498,www.olivella.nl
499,error loading websitis
500,www.dersut.nl
501,www.shankara.eu
502,linktr.ee/fotocadeau.nl
503,error loading websitis
504,www.dutchtapestries.com
505,error loading websitis
506,linkin.bio/woodwidecities
507,www.youtube.com/watch?v=l_XETIoJQ1Q&t=17s
508,linktr.ee/Magsupyourmind
509,www.slokky.com
510,error loading websitis
511,posteress.com/collections/mixed-media/products/peace
512,error loading websitis
513,error loading websitis
514,error loading websitis
515,error loading websitis
516,www.driftwooddistillery.nl
517,studiostringart.nl/eigen-foto
518,www.cardcollection.nl
519,www.halin-bags.com
520,www.bambocks.nl
521,www.lalisette.etsy.com
522,error loading websitis
523,mister33.com
524,error loading websitis
525,joykitchen.shop
526,www.petitezigova.com
527,error loading websitis
528,www.bylaurenamsterdam.nl/christmas-gifts
529,error loading websitis
530,www.museum-webshop.com
531,www.lantarapro.com
532,error loading websitis
533,www.etsy.com/nl/listing/523052483/paper-plane-notitieblokken-set-van-3?ref=shop_home_active_4
534,fearaway.nl
535,www.onlinemineralen.nl
536,www.hetmuizenhuis.nl/products/het-muizenhuis-de-haven
537,www.apelt.com
538,error loading websitis
539,linktr.ee/queenscrunchie
540,linktr.ee/cmr_rijmpjes
541,error loading websitis
542,www.laevastore.nl/pages/instagram-bio
543,www.binki.co
544,linktr.ee/Vlinderkusje
545,error loading websitis
546,error loading websitis
547,linkin.bio/someteanl
548,www.mkhandmade.com
549,linktr.ee/friandries
550,www.bubblesbodycare.com
551,donder.com
552,www.naturalheroes.nl
553,error loading websitis
554,fraenck.com/b-corp
555,complimentenspel.nl/5daagse
556,linktr.ee/biobuddi
557,error loading websitis
558,www.urbandbracelets.nl
559,error loading websitis
560,error loading websitis
561,www.maanpost.nl
562,www.swiss-pro.nl
563,error loading websitis
564,error loading websitis
565,my-moments.nl/collections/refills
566,www.liefsvanemma.nl
567,www.sana.amsterdam
568,www.aaimadewithlove.com
569,error loading websitis
570,msha.ke/kindrebel_
571,fabrykdesign.nl/product-categorie/tuincollectie
572,www.onshus.nl
573,www.my-happytrails.com
574,www.gewoonjip.nl
575,moodzdesign.nl/instagram
576,www.bohemiandeco.com
577,error loading websitis
578,linktr.ee/Paper_on_the_Rocks
579,error loading websitis
580,www.kids-ware.nl
581,manonjuliette.com/ns-upcycle-duurzame-producten
582,van-tjalle-en-jasper.com
583,www.ratatouille.nl
584,www.slokky.com
585,www.byferial.nl
586,www.toenga.nl
587,www.iittala.com
588,error loading websitis
589,linktr.ee/marshmallowandme
590,fritsy.nl
591,nl.karitree.com
592,error loading websitis
593,www.recenttoys.com
594,www.dutchsoapcompany.com
595,error loading websitis
596,error loading websitis
597,error loading websitis
598,error loading websitis
599,error loading websitis
600,error loading websitis
601,error loading websitis
602,error loading websitis
603,error loading websitis
604,error loading websitis
605,error loading websitis
606,error loading websitis
607,www.liefdeoppapier.nl
608,error loading websitis
609,error loading websitis
610,www.raaaq.com/nl
611,www.goods-by.nl
612,maloubron.nl
613,chiclefreakshop.com
614,error loading websitis
615,www.studio216.nl/product/jouw-plaats
616,error loading websitis
617,error loading websitis
618,maisonboho.nl
619,liefmoment.nl/Kraamcadeaus/jolleinpimpelmees
620,fritsy.nl
621,archivestudio.nl
622,www.thelekkercompany.com/nl/shop
623,www.amazon.com/dp/B06XJMMFSJ/ref=twister_B06XJJ24KT?_encoding=UTF8&th=1
624,error loading websitis
625,www.dalicious.nl/shop
626,wholesale.kleintjesgeluk.nl
627,error loading websitis
628,www.bol.com/nl/nl/p/kaartenset-papieren-vaas-9-kaarten-a5-formaat/9300000074049258/?bltgh=nt0KAJO-6glIyiIeGqlJaw.2_9.10.ProductImage
629,error loading websitis
630,error loading websitis
631,error loading websitis
632,www.fashionthings.com
633,www.volka.nl
634,planningwize.nl/link-in-bio
635,error loading websitis
636,www.stadsgenootjes.nl
637,www.christmasinspirations.nl
638,www.luna-leena.com
639,www.tochi.nl
640,linktr.ee/we.are.soilmates
641,www.huupieshop.nl
642,linktr.ee/esvadesign
643,www.justcute.nl
644,www.my-happytrails.com
645,error loading websitis
646,www.timeboo.eu
647,beautysociety.com
648,error loading websitis
649,www.sirredman.nl
650,www.diysoap.nl
651,www.mookstories.com
652,error loading websitis
653,www.leschi.de
654,error loading websitis
655,www.may21.nl
656,van-tjalle-en-jasper.com
657,www.goedkopeamberblokjes.nl
658,linktr.ee/LittleConceptStore
659,www.studiocarlijn.com
660,mailchi.mp/chewiesandmore.com/nieuwecollectiegiveaway
661,error loading websitis
662,error loading websitis
663,www.freshdrip.com
664,www.arelothee.nl
665,cheyhaircare.com
666,open.spotify.com/playlist/4xW65kvyYzPIsdUhjioLF1?si=f2293aa653be44a3
667,www.bijlien.nl
668,error loading websitis
669,www.brandmeesters.nl
670,mailchi.mp/chewiesandmore.com/nieuwecollectiegiveaway
671,www.ignoor.com
672,error loading websitis
673,www.wakefieldwebshop.com
674,hetlichtlab.com
675,linktr.ee/loradilora
676,error loading websitis
677,www.studio-paper.com/studio-paper-link
678,linkin.bio/apsnederland
679,www.slokky.com
680,www.koperberg.nl
681,error loading websitis
682,athenaisjewels.com
683,linktr.ee/funckylife
684,error loading websitis
685,error loading websitis
686,www.taboosieraden.nl
687,error loading websitis
688,lnk.bio/pauliesginger
689,www.lamiseto.com/pages/hallo
690,mamatoyz.com
691,annamariamusch.com
692,error loading websitis
693,error loading websitis
694,justdreamz.shop
695,www.teddysoriginal.com
696,www.tessalnietteminshop.nl
697,www.lalunabagsb2b.com
698,www.designstracker.com
699,www.kitchentrend.nl
700,mister33.com
701,www.lalunabagsb2b.com
702,linktr.ee/HealthySocks
703,wowgoods.nl
704,error loading websitis
705,linktr.ee/nuud
706,deposterkamer.nl
707,error loading websitis
708,www.potvolliefde.nl
709,green-warriors.nl
710,cindyxhanna.com
711,deposterkamer.nl
712,www.kmctcollection.com
713,error loading websitis
714,www.anditaly.nl
715,error loading websitis
716,www.limberlux.nl
717,deposterkamer.nl
718,www.thetwocollectors.com
719,linktr.ee/ruigengeroest
720,www.lesgavots.nl
721,www.bibskids.com/bibs
722,www.waardevol-thuis.nl
723,error loading websitis
724,linkin.bio/alambika
725,www.marence.com
726,www.nikoniko.nl
727,error loading websitis
728,error loading websitis
729,www.superkussens.nl/lentecollectie
730,www.bazou.nl
731,www.thebritishbagcompany.com
732,linkin.bio/babywoods_wandcommode
733,error loading websitis
734,linktr.ee/friandries
735,www.kleinegiraf.nl
736,www.wijnpaal.com
737,linktr.ee/spiegelwinkel
738,www.happycrafting.nl
739,www.lievelingshop.nl
740,linktr.ee/zeeuwschezoute
741,www.justcute.nl
742,error loading websitis
743,www.studiozwaanstraat.nl
744,www.bohemiandeco.com
745,www.petitcomite.nl
746,linktr.ee/ruigengeroest
747,bambooblends.com
748,www.kiekebroek.nl
749,www.alteyashop.nl
750,error loading websitis
751,www.meubols.nl
752,johnnyfly.com
753,www.medsocks.com
754,rau-cosmetics.ru
755,error loading websitis
756,error loading websitis
757,www.meneerbollie.nl/instagram-links
758,error loading websitis
759,linktr.ee/tojungle
760,error loading websitis
761,error loading websitis
762,www.greetz.nl/kaarten/tante-kaartje
763,www.wildcardboxingstore.com
764,error loading websitis
765,error loading websitis
766,www.betereproducten.nl
767,linkin.bio/jozemiek
768,error loading websitis
769,smart.bio/all_gems_organic_kidswear
770,www.laradesign.nl
771,moodzdesign.nl/instagram
772,www.heinendelftsblauw.nl/l/stapelgekte-vazen
773,www.ploff-post.nl
774,www.kleinegiraf.nl
775,www.maanpost.nl
776,error loading websitis
777,studiostringart.nl/eigen-foto
778,www.bonniestudios.com
779,www.brewmonkey.nl
780,error loading websitis
781,error loading websitis
782,error loading websitis
783,annamariamusch.com
784,klepperenklepper.nl/kennisbank
785,www.blokzeep.com/blogs
786,error loading websitis
787,www.luppa.nl
788,www.liefsoppapier.nl
789,www.studiopainted.com
790,error loading websitis
791,linktr.ee/travelfy.art
792,error loading websitis
793,www.carryyourself.nl/instalinks
794,lnkd.in/ekuBgMMp
795,labelmylight.com/pages/samenwerkingen
796,www.mijnkleinemuis.nl
797,error loading websitis
798,error loading websitis
799,www.sferico.nl
800,linktr.ee/Vlinderkusje
801,error loading websitis
802,www.slowbeautymoments.com/instagram
803,error loading websitis
804,linktr.ee/Paper_on_the_Rocks
805,error loading websitis
806,error loading websitis
807,error loading websitis
808,www.bound-studios.com/collections/founders-favs
809,www.deluxo.nl
810,www.witlofskincare.com
811,www.plukdedagkado.nl/ontwerp-op-maat/
812,lezen-europe.com
813,open.spotify.com/playlist/4xW65kvyYzPIsdUhjioLF1?si=f2293aa653be44a3
814,electric-jewelry.com
815,pikaplant.com/psgt
816,bit.ly/34pPEER
817,www.go-now.eu/shop
818,marleentekent.nl/webshop
819,linktr.ee/spiegelwinkel
820,www.fresk.nl
821,mayli-jewels.com
822,green-warriors.nl
823,v2.microstore.app/s/m8Ys
824,www.minimonkey-sewing.nl
825,www.anniewiththebamboo.nl
826,www.designstracker.com
827,error loading websitis
828,www.ravieskids.com
829,www.esperanzadeseo.nl
830,error loading websitis
831,linktr.ee/stokwolf
832,householdhardware.nl
833,www.petitezigova.com
834,www.prints-charming.nl
835,www.leukigheidjes.nl
836,error loading websitis
837,error loading websitis
838,sprout.link/gascoigneandking
839,www.kiddo.nl
840,www.studiomabelle.nl
841,www.naturebar.nl
842,www.pinghe.art
843,www.woodlane.eu
844,www.aaimadewithlove.com
845,linkin.bio/someteanl
846,joykitchen.shop
847,error loading websitis
848,linkin.bio/bettybossi-ch
849,www.studiostationery.nl/nl
850,linktr.ee/thewishlabel
851,error loading websitis
852,www.fajuskincare.com
853,bymani.com
854,www.olivella.nl
855,linkin.bio/bloompost-nl
856,marjoleinbastin.com/shop/mb-gallery-wrapped-canvas/sweet-gathering-12-x-9-gallery-wrapped-canvas
857,tinne-mia.nl
858,rau-cosmetics.ru
859,error loading websitis
860,www.mondkapjeswinkel.nl
861,moodsskincare.com
862,www.mycha-ibiza.com
863,error loading websitis
864,linktr.ee/little_universe.nl
865,error loading websitis
866,error loading websitis
867,error loading websitis
868,error loading websitis
869,aerlig.nl
870,error loading websitis
871,nobleza.eu
872,www.siepdesign.nl
873,linkin.bio/clover_skincarefashion
874,www.medsocks.com
875,www.studiosara.eu
876,www.zaadbom.com
877,www.kleinebinky.nl
878,madamechai.nl
879,error loading websitis
880,www.kleinegiraf.nl
881,www.beeldenbries.nl/linkinbio
882,error loading websitis
883,error loading websitis
884,www.sillibeads.nl
885,error loading websitis
886,www.whiterivermacadamia.com
887,boho-beach.nl
888,www.iittala.com
889,www.studiopainted.com
890,www.limberlux.nl
891,agathaporto.com
892,campsite.bio/tinymiracles
893,error loading websitis
894,www.kiekebroek.nl
895,www.dewilifestyle.nl/instagram
896,linktr.ee/mauritshuis_museum
897,www.pinkpeach.nl
898,error loading websitis
899,www.kaartjesvanmaaike.nl
900,thecocktailspecialist.com
901,desocialbox.nl/2021/04/01/hoe-start-je-nu-met-een-dag-offline-zijn-5-tips-van-de-socialbox-oprichters-zelf
902,linkin.bio/studioinsenouts
903,www.huupieshop.nl
904,www.hiphuisje.nl/links-hip-huisje
905,www.dutchtapestries.com
906,error loading websitis
907,www.greetz.nl/kaarten/tante-kaartje
908,hipenmamabox.nl
909,error loading websitis
910,linktr.ee/fotocadeau.nl
911,error loading websitis
912,palais.com/pages/signup
913,lmbabyart.nl
914,www.annanera.com
915,www.kleinebinky.nl
916,kusjeopjehart.nl/product/moederdagpakketje-heart
917,error loading websitis
918,www.kindofstyle.com
919,www.liefenlotus.nl
920,www.kaethe-kruse.de/de/kruselings/spielsets
921,mailchi.mp/chewiesandmore.com/nieuwecollectiegiveaway
922,www.wanderschoon.nl
923,error loading websitis
924,error loading websitis
925,www.lietandjoliet.nl/webshop
926,error loading websitis
927,green-warriors.nl
928,error loading websitis
929,woocares.com
930,error loading websitis
931,make-history.com/collections/all
932,www.studioamberisabel.com
933,www.greetz.nl/kaarten/tante-kaartje
934,www.omaybags.com
935,www.rawplants.eu
936,linktr.ee/oolaboo
937,error loading websitis
938,chooseteethcare.com/shop
939,www.petitcomite.nl
940,thetable.store/rent-the-table
941,error loading websitis
942,wildenbergwear.nl
943,linkin.bio/deliciousfoodandgourmet
944,error loading websitis
945,error loading websitis
946,www.theblockprinttree.com
947,liefslabel.nl/product/kruidentuintje
948,www.lemonpoppytea.com
949,www.dutchsoapcompany.com
950,lnk.bio/pauliesginger
951,error loading websitis
952,error loading websitis
953,joesheroes.com
954,www.fabrikten.nl
955,linkin.bio/greensproutsbaby
956,www.koperberg.nl
957,www.homejunky.nl
958,www.thehighfivecompany.com/zotter-spring-easter
959,error loading websitis
960,error loading websitis
961,sprout.link/gascoigneandking
962,www.orderchamp.com/nl/store/pillow
963,www.bambu-living.com
964,www.lambertzenvisser.nl
965,error loading websitis
966,www.airplantshop.nl
967,www.kaartjesvanmaaike.nl
968,www.funnyz.nl
969,www.lamaddalena.shop
970,error loading websitis
971,www.kitchentrend.nl
972,www.deklorofilwereld.nl
973,www.rozabluehome.com/shop-start/?doing_wp_cron=1638172956.1442720890045166015625
974,error loading websitis
975,error loading websitis
976,linktr.ee/loradilora
977,lemonwise.nl
978,error loading websitis
979,www.marissaeykenloof.com/en/sale
980,linktr.ee/cooperandquint
981,www.bee-zonder.com/instagram
982,pikaplant.com/psgt
983,error loading websitis
984,www.lafabriqueresto.be
985,hono-lulu.nl
986,www.kleinegiraf.nl
987,www.siepdesign.nl
988,error loading websitis
989,www.decoratietakken.nl
990,www.amstractly.com/collections/all
991,error loading websitis
992,www.lot83.nl
993,www.vandesteppe.com
994,error loading websitis
995,woocares.com
996,www.hemptouch.com/newsletter
997,error loading websitis
998,error loading websitis
999,error loading websitis
1000,error loading websitis
1001,error loading websitis
1002,error loading websitis
1003,error loading websitis
1004,error loading websitis
1005,error loading websitis
1006,error loading websitis
1007,error loading websitis
1008,error loading websitis
1009,www.sodafashion.nl
1010,www.justbekids.nl
1011,www.diysoap.nl
1012,error loading websitis
1013,error loading websitis
1014,error loading websitis
1015,yourlittlemiss.com/nieuw
1016,www.studio-hoeked.nl
1017,www.tessalnietteminshop.nl
1018,www.pinghe.art
1019,meetyourgreens.nl
1020,linktr.ee/OnzeSmaak
1021,moodsskincare.com
1022,www.revoxb77.com
1023,www.candletime.nl
1024,www.texytowel.com
1025,www.happyglass.com
1026,www.smakkadootjes.nl
1027,links.preppr.com/meander_nl
1028,error loading websitis
1029,luxmusthaves.nl
1030,www.lv-factory.nl
1031,www.studiothoes.nl/linkinbio
1032,linkin.bio/attitude_living
1033,www.bylout.nl/a-66447520/happy-horse-tuttels/leopard-lou-tuttle-produced-by-happy-horse
1034,linktr.ee/nin_nit
1035,error loading websitis
1036,engelpunt.com/blog/een-nieuw-begin
1037,error loading websitis
1038,www.kitchentrend.nl
1039,www.indyandnoa.com
1040,linktr.ee/travelfy.art
1041,www.chokay.nl/buy-online
1042,www.bo-bottles.com
1043,www.studio-mies.com
1044,www.styledbysky.nl
1045,error loading websitis
1046,error loading websitis
1047,www.bambocks.nl
1048,linkin.bio/elicious_eu
1049,www.anascrystal.care
1050,error loading websitis
1051,error loading websitis
1052,linktr.ee/StudioCarmelaBogman
1053,error loading websitis
1054,www.kleinegiraf.nl
1055,error loading websitis
1056,error loading websitis
1057,beamiesattheriver.com
1058,www.by-mar.com
1059,lemonwise.nl
1060,www.purewhitecosmetics.nl/instagram
1061,www.sompex.de
1062,error loading websitis
1063,www.bendl.nl
1064,www.vtwonen.nl/linkinbio
1065,error loading websitis
1066,maisonboho.nl
1067,error loading websitis
1068,error loading websitis
1069,error loading websitis
1070,www.paperoni.nl
1071,www.alteyashop.nl
1072,www.im-yogi.com
1073,donder.com
1074,www.tasjesgek.nl
1075,www.ohboykids.nl
1076,error loading websitis
1077,dutchharvest.org
1078,anadyla.com/insta
1079,error loading websitis
1080,woodenamsterdam.com
1081,www.kids-ware.nl
1082,error loading websitis
1083,links.preppr.com/meander_nl
1084,bit.ly/handmist-subscription
1085,www.madeathand.nl
1086,www.homeystoolsforlife.com
1087,error loading websitis
1088,www.kindofstyle.com
1089,www.nooxcitykids.nl
1090,error loading websitis
1091,error loading websitis
1092,creationsofhappiness.com/bio
1093,linktr.ee/melaniepigeaud_jewelry
1094,www.sana.amsterdam
1095,www.bee-zonder.com/instagram
1096,wowgoods.nl
1097,error loading websitis
1098,byjavy.faire.com
1099,linktr.ee/funckylife
1100,error loading websitis
1101,momentsoflight.nl
1102,error loading websitis
1103,www.lifestyle2love.nl
1104,www.juffrouwpannenkoekdeco.nl
1105,www.tochi.nl
1106,error loading websitis
1107,www.nyfodt.com
1108,www.impulsochocolate.com
1109,campsite.bio/tinymiracles
1110,error loading websitis
1111,bataviacoffee.com
1112,fraenck.com/b-corp
1113,marjoleinbastin.com/shop/mb-gallery-wrapped-canvas/sweet-gathering-12-x-9-gallery-wrapped-canvas
1114,www.studio-hoeked.nl
1115,linktr.ee/home67nl
1116,liefmoment.nl/Kraamcadeaus/jolleinpimpelmees
1117,www.1844notebooks.nl
1118,rau-cosmetics.ru
1119,www.onlinemineralen.nl
1120,www.potvolliefde.nl
1121,msha.ke/kindrebel_
1122,linkin.bio/woodwidecities
1123,error loading websitis
1124,error loading websitis
1125,error loading websitis
1126,www.dressedincontrol.eu
1127,www.pinnedbyk.nl/product/t-shirt-rock-guitar
1128,www.bellahome.nl
1129,www.maanpost.nl
1130,www.studioknops.com
1131,yourlittlemiss.com/nieuw
1132,whattheconcept.nl/product/kunst-met-stippen-prentenboek
1133,linktr.ee/little_universe.nl
1134,bombcosmetics.nl/producten
1135,linkin.bio/xapron-nl
1136,www.bylaurenamsterdam.nl/christmas-gifts
1137,www.madepaper.nl
1138,www.saintclairmont.com
1139,www.siepdesign.nl
1140,www.studiostationery.nl/nl
1141,error loading websitis
1142,www.aiymes.nl
1143,www.lemonpoppytea.com
1144,geurwolkje.nl
1145,www.dutchtapestries.com
1146,www.zusje-van.nl
1147,open.spotify.com/episode/6lIsRyQWlauLIjUnmXe7kr?si=21c4ef9d053c448c
1148,www.indyandnoa.com
1149,mamatoyz.com
1150,www.anniewiththebamboo.nl
1151,www.wilsonsparadise.com
1152,error loading websitis
1153,www.kaethe-kruse.de/de/kruselings/spielsets
1154,www.essentialistics.com
1155,linkin.bio/coco_cici_official
1156,www.heinendelftsblauw.nl/l/stapelgekte-vazen
1157,www.im-yogi.com
1158,error loading websitis
1159,linkin.bio/poufspillows
1160,linktr.ee/loofysnl
1161,www.mini-art.nl
1162,error loading websitis
1163,www.ankorstore.com/lift/the-big-gifts-18048
1164,www.madepaper.nl
1165,error loading websitis
1166,www.thalia.nl
1167,www.kiddi-shop.nl
1168,error loading websitis
1169,www.thalia.nl
1170,error loading websitis
1171,error loading websitis
1172,www.designedbyman.nl
1173,www.joyin.world
1174,error loading websitis
1175,marjoleinbastin.com/shop/mb-gallery-wrapped-canvas/sweet-gathering-12-x-9-gallery-wrapped-canvas
1176,www.studiostationery.nl/nl
1177,error loading websitis
1178,linktr.ee/Plantasy
1179,www.volka.nl
1180,www.decoratietakken.nl
1181,qrco.de/bbFveY
1182,www.rockstyle.nl
1183,v2.microstore.app/s/m8Ys
1184,error loading websitis
1185,error loading websitis
1186,www.diysoap.nl
1187,www.beyoona.nl/a-66031305/shop/onderzetter-iso
1188,www.orderchamp.com/nl/store/kurk-by-doowz
1189,studioliefslinne.nl/studio-liefs-linne-linkjes
1190,error loading websitis
1191,www.fairytiles.online
1192,www.superkussens.nl/lentecollectie
1193,www.boomingbags.nl
1194,www.byferial.nl
1195,linktr.ee/sweetandmellow
1196,error loading websitis
1197,www.aiymes.nl
1198,fun2give.nl/re-cycle-me
1199,www.binkbedding.com
1200,www.hb-kurk-keramiek.com
1201,www.witlofskincare.com
1202,linktr.ee/by.pinkie
1203,www.minimonkey-sewing.nl
1204,www.salutella.com
1205,www.ibizidogs.com
1206,error loading websitis
1207,www.ontwerpdoorlindy.nl/instagram
1208,linktr.ee/nuud
1209,www.eindbaas-apparel.nl
1210,www.riimcosmetics.com
1211,www.dutchdeluxes.com/en/7148
1212,www.brickwallsandbarricades.com
1213,www.kleinemannen.nl
1214,www.kiekebroek.nl
1215,joesheroes.com
1216,beamiesattheriver.com
1217,linktr.ee/miraclesbystella
1218,linktr.ee/besselinklicht
1219,linktr.ee/grannysfinest
1220,www.smakkadootjes.nl
1221,error loading websitis
1222,error loading websitis
1223,linktr.ee/travelfy.art
1224,www.naaais.com
1225,error loading websitis
1226,www.hiphuisje.nl/links-hip-huisje
1227,www.hb-kurk-keramiek.com
1228,linktr.ee/Nix_and_kix
1229,www.nyfodt.com
1230,www.bandajanas.com
1231,error loading websitis
1232,error loading websitis
1233,error loading websitis
1234,error loading websitis
1235,linktr.ee/Bruthomeware
1236,www.jewelz46.nl
1237,my-moments.nl/collections/refills
1238,www.juulry.com
1239,www.adcwebshop.com
1240,error loading websitis
1241,error loading websitis
1242,error loading websitis
1243,error loading websitis
1244,error loading websitis
1245,error loading websitis
1246,error loading websitis
1247,error loading websitis
1248,error loading websitis
1249,error loading websitis
1250,error loading websitis
1251,error loading websitis
1252,error loading websitis
1253,error loading websitis
1254,error loading websitis
1255,error loading websitis
1256,error loading websitis
1257,error loading websitis
1258,error loading websitis
1259,error loading websitis
1260,error loading websitis
1261,error loading websitis
1262,error loading websitis
1263,error loading websitis
1264,error loading websitis
1265,error loading websitis
1266,error loading websitis
1267,error loading websitis
1268,error loading websitis
1269,error loading websitis
1270,error loading websitis
1271,error loading websitis
1272,error loading websitis
1273,error loading websitis
1274,error loading websitis
1275,error loading websitis
1276,error loading websitis
1277,error loading websitis
1278,error loading websitis
1279,error loading websitis
1280,error loading websitis
1281,error loading websitis
1282,error loading websitis
1283,error loading websitis
1284,error loading websitis
1285,error loading websitis
1286,error loading websitis
1287,error loading websitis
1288,error loading websitis
1289,error loading websitis
1290,error loading websitis
1291,error loading websitis
1292,error loading websitis
1293,error loading websitis
1294,error loading websitis
1295,error loading websitis
1296,error loading websitis
1297,error loading websitis
1298,error loading websitis
1299,error loading websitis
1300,error loading websitis
1301,error loading websitis
1302,error loading websitis
1303,error loading websitis
1304,error loading websitis
1305,error loading websitis
1306,error loading websitis
1307,error loading websitis
1308,error loading websitis
1309,error loading websitis
1310,error loading websitis
1311,error loading websitis
1312,error loading websitis
1313,error loading websitis
1314,error loading websitis
1315,error loading websitis
1316,error loading websitis
1317,error loading websitis
1318,error loading websitis
1319,error loading websitis
1320,error loading websitis
1321,error loading websitis
1322,error loading websitis
1323,error loading websitis
1324,error loading websitis
1325,error loading websitis
1326,error loading websitis
1327,error loading websitis
1328,error loading websitis
1329,error loading websitis
1330,error loading websitis
1331,error loading websitis
1332,error loading websitis
1333,error loading websitis
1334,error loading websitis
1335,error loading websitis
1336,error loading websitis
1337,error loading websitis
1338,error loading websitis
1339,error loading websitis
1340,error loading websitis
1341,error loading websitis
1342,error loading websitis
1343,error loading websitis
1344,error loading websitis
1345,error loading websitis
1346,error loading websitis
1347,error loading websitis
1348,error loading websitis
1349,error loading websitis
1350,error loading websitis
1351,error loading websitis
1352,error loading websitis
1353,error loading websitis
1354,error loading websitis
1355,error loading websitis
1356,error loading websitis
1357,error loading websitis
1358,error loading websitis
1359,error loading websitis
1360,error loading websitis
1361,error loading websitis
1362,error loading websitis
1363,error loading websitis
1364,error loading websitis
1365,error loading websitis
1366,error loading websitis
1367,error loading websitis
1368,error loading websitis
1369,error loading websitis
1370,error loading websitis
1371,error loading websitis
1372,error loading websitis
1373,error loading websitis
1374,error loading websitis
1375,error loading websitis
1376,error loading websitis
1377,error loading websitis
1378,error loading websitis
1379,error loading websitis
1380,error loading websitis
1381,error loading websitis
1382,error loading websitis
1383,error loading websitis
1384,error loading websitis
1385,error loading websitis
1386,error loading websitis
1387,error loading websitis
1388,error loading websitis
1389,error loading websitis
1390,error loading websitis
1391,error loading websitis
1392,error loading websitis
1393,error loading websitis
1394,error loading websitis
1395,error loading websitis
1396,error loading websitis
1397,error loading websitis
1398,error loading websitis
1399,error loading websitis
1400,error loading websitis
1401,error loading websitis
1402,error loading websitis
1403,error loading websitis
1404,error loading websitis
1405,error loading websitis
1406,error loading websitis
1407,error loading websitis
1408,error loading websitis
1409,error loading websitis
1410,error loading websitis
1411,error loading websitis
1412,error loading websitis
1413,error loading websitis
1414,error loading websitis
1415,error loading websitis
1416,error loading websitis
1417,error loading websitis
1418,error loading websitis
1419,error loading websitis
1420,error loading websitis
1421,error loading websitis
1422,error loading websitis
1423,error loading websitis
1424,error loading websitis
1425,error loading websitis
1426,error loading websitis
1427,error loading websitis
1428,error loading websitis
1429,error loading websitis
1430,error loading websitis
1431,error loading websitis
1432,error loading websitis
1433,error loading websitis
1434,error loading websitis
1435,error loading websitis
1436,error loading websitis
1437,error loading websitis
1438,error loading websitis
1439,error loading websitis
1440,error loading websitis
1441,error loading websitis
1442,error loading websitis
1443,error loading websitis
1444,error loading websitis
1445,error loading websitis
1446,error loading websitis
1447,error loading websitis
1448,error loading websitis
1449,error loading websitis
1450,error loading websitis
1451,error loading websitis
1452,error loading websitis
1453,error loading websitis
1454,error loading websitis
1455,error loading websitis
1456,error loading websitis
1457,error loading websitis
1458,error loading websitis
1459,error loading websitis
1460,error loading websitis
1461,error loading websitis
1462,error loading websitis
1463,error loading websitis
1464,error loading websitis
1465,error loading websitis
1466,error loading websitis
1467,error loading websitis
1468,error loading websitis
1469,error loading websitis
1470,error loading websitis
1471,error loading websitis
1472,error loading websitis
1473,error loading websitis
1474,error loading websitis
1475,error loading websitis
1476,error loading websitis
1477,error loading websitis
1478,error loading websitis
1479,error loading websitis
1480,error loading websitis
1481,error loading websitis
1482,error loading websitis
1483,error loading websitis
1484,error loading websitis
1485,error loading websitis
1486,error loading websitis
1487,error loading websitis
1488,error loading websitis
1489,error loading websitis
1490,error loading websitis
1491,error loading websitis
1492,error loading websitis
1493,error loading websitis
1494,error loading websitis
1495,error loading websitis
1496,error loading websitis
1497,error loading websitis
1498,error loading websitis
1499,error loading websitis
1500,error loading websitis
1501,error loading websitis
1502,error loading websitis
1503,error loading websitis
1504,error loading websitis
1505,error loading websitis
1506,error loading websitis
1507,error loading websitis
1508,error loading websitis
1509,error loading websitis
1510,error loading websitis
1511,error loading websitis
1512,error loading websitis
1513,error loading websitis
1514,error loading websitis
1515,error loading websitis
1516,error loading websitis
1517,error loading websitis
1518,error loading websitis
1519,error loading websitis
1520,error loading websitis
1521,error loading websitis
1522,error loading websitis
1523,error loading websitis
1524,error loading websitis
1525,error loading websitis
1526,error loading websitis
1527,error loading websitis
1528,error loading websitis
1529,error loading websitis
1530,error loading websitis
1531,error loading websitis
1532,error loading websitis
1533,error loading websitis
1534,error loading websitis
1535,error loading websitis
1536,error loading websitis
1537,error loading websitis
1538,error loading websitis
1539,error loading websitis
1540,error loading websitis
1541,error loading websitis
1542,error loading websitis
1543,error loading websitis
1544,error loading websitis
1545,error loading websitis
1546,error loading websitis
1547,error loading websitis
1548,error loading websitis
1549,error loading websitis
1550,error loading websitis
1551,error loading websitis
1552,error loading websitis
1553,error loading websitis
1554,error loading websitis
1555,error loading websitis
1556,error loading websitis
1557,error loading websitis
1558,error loading websitis
1559,error loading websitis
1560,error loading websitis
1561,error loading websitis
1562,error loading websitis
1563,error loading websitis
1564,error loading websitis
1565,error loading websitis
1566,error loading websitis
1567,error loading websitis
1568,error loading websitis
1569,error loading websitis
1570,error loading websitis
1571,error loading websitis
1572,error loading websitis
1573,error loading websitis
1574,error loading websitis
1575,error loading websitis
1576,error loading websitis
1577,error loading websitis
1578,error loading websitis
1579,error loading websitis
1580,error loading websitis
1581,error loading websitis
1582,error loading websitis
1583,error loading websitis
1584,error loading websitis
1585,error loading websitis
1586,error loading websitis
1587,error loading websitis
1588,error loading websitis
1589,error loading websitis
1590,error loading websitis
1591,error loading websitis
1592,error loading websitis
1593,error loading websitis
1594,error loading websitis
1595,error loading websitis
1596,error loading websitis
1597,error loading websitis
