web-scraper-order,web-scraper-start-url,link,link-href
"1663706968-430","https://www.orderchamp.com/nl/marketplace/home-living?filters=new-brands","","https://www.orderchamp.com/nl/store/housevitamin-bv/home-living"
"1663706968-431","https://www.orderchamp.com/nl/marketplace/home-living?filters=new-brands","","https://www.orderchamp.com/nl/store/christmas-world-by-mondex/home-living"
"1663706968-432","https://www.orderchamp.com/nl/marketplace/home-living?filters=new-brands","","https://www.orderchamp.com/nl/store/woodyz%20design/home-living"
"1663706968-433","https://www.orderchamp.com/nl/marketplace/home-living?filters=new-brands","","https://www.orderchamp.com/nl/store/versa-home/home-living"
"1663706968-434","https://www.orderchamp.com/nl/marketplace/home-living?filters=new-brands","","https://www.orderchamp.com/nl/store/alexandra-meti/home-living"
"1663706968-435","https://www.orderchamp.com/nl/marketplace/home-living?filters=new-brands","","https://www.orderchamp.com/nl/store/dogs-in-the-city/home-living"
"1663706968-436","https://www.orderchamp.com/nl/marketplace/home-living?filters=new-brands","","https://www.orderchamp.com/nl/store/Sawrasko/home-living"
"1663706968-437","https://www.orderchamp.com/nl/marketplace/home-living?filters=new-brands","","https://www.orderchamp.com/nl/store/HSM%20Collection/home-living"
"1663706968-438","https://www.orderchamp.com/nl/marketplace/home-living?filters=new-brands","","https://www.orderchamp.com/nl/store/nufnuf/home-living"
"1663706968-439","https://www.orderchamp.com/nl/marketplace/home-living?filters=new-brands","","https://www.orderchamp.com/nl/store/ab-skinnwille/home-living"
"1663706968-440","https://www.orderchamp.com/nl/marketplace/home-living?filters=new-brands","","https://www.orderchamp.com/nl/store/sellerx-commerce-gmbh/home-living"
"1663706968-441","https://www.orderchamp.com/nl/marketplace/home-living?filters=new-brands","","https://www.orderchamp.com/nl/store/WOOOL/home-living"
"1663706968-442","https://www.orderchamp.com/nl/marketplace/home-living?filters=new-brands","","https://www.orderchamp.com/nl/store/albatros-srl/home-living"
"1663706968-443","https://www.orderchamp.com/nl/marketplace/home-living?filters=new-brands","","https://www.orderchamp.com/nl/store/stylesnout-gmbh/home-living"
"1663706968-444","https://www.orderchamp.com/nl/marketplace/home-living?filters=new-brands","","https://www.orderchamp.com/nl/store/alexandra-home/home-living"
"1663706968-445","https://www.orderchamp.com/nl/marketplace/home-living?filters=new-brands","","https://www.orderchamp.com/nl/store/dunenlicht-kerzenmanufaktur/home-living"
"1663706968-446","https://www.orderchamp.com/nl/marketplace/home-living?filters=new-brands","","https://www.orderchamp.com/nl/store/vivir-sfeer/home-living"
"1663706968-447","https://www.orderchamp.com/nl/marketplace/home-living?filters=new-brands","","https://www.orderchamp.com/nl/store/imhof-stevens-bv/home-living"
"1663706968-448","https://www.orderchamp.com/nl/marketplace/home-living?filters=new-brands","","https://www.orderchamp.com/nl/store/funky-doris/home-living"
"1663706968-449","https://www.orderchamp.com/nl/marketplace/home-living?filters=new-brands","","https://www.orderchamp.com/nl/store/GUIRLED/home-living"
"1663706968-450","https://www.orderchamp.com/nl/marketplace/home-living?filters=new-brands","","https://www.orderchamp.com/nl/store/Housse%20de%20R%C3%AAve/home-living"
"1663706968-451","https://www.orderchamp.com/nl/marketplace/home-living?filters=new-brands","","https://www.orderchamp.com/nl/store/timstor-nv/home-living"
"1663706968-452","https://www.orderchamp.com/nl/marketplace/home-living?filters=new-brands","","https://www.orderchamp.com/nl/store/NaturoTheke/home-living"
"1663706968-453","https://www.orderchamp.com/nl/marketplace/home-living?filters=new-brands","","https://www.orderchamp.com/nl/store/Poterie%20Lutton/home-living"
"1663706968-454","https://www.orderchamp.com/nl/marketplace/home-living?filters=new-brands","","https://www.orderchamp.com/nl/store/54celsius-2046129747443713/home-living"
"1663706968-455","https://www.orderchamp.com/nl/marketplace/home-living?filters=new-brands","","https://www.orderchamp.com/nl/store/thankgoods-gmbh/home-living"
"1663706968-456","https://www.orderchamp.com/nl/marketplace/home-living?filters=new-brands","","https://www.orderchamp.com/nl/store/bijoux-de-mur/home-living"
"1663706968-457","https://www.orderchamp.com/nl/marketplace/home-living?filters=new-brands","","https://www.orderchamp.com/nl/store/Hey%20Lana/home-living"
"1663706968-458","https://www.orderchamp.com/nl/marketplace/home-living?filters=new-brands","","https://www.orderchamp.com/nl/store/londodogs/home-living"
"1663706968-459","https://www.orderchamp.com/nl/marketplace/home-living?filters=new-brands","","https://www.orderchamp.com/nl/store/the-beauty-lab-bv/home-living"
"1663706968-460","https://www.orderchamp.com/nl/marketplace/home-living?filters=new-brands","","https://www.orderchamp.com/nl/store/brauzz/home-living"
"1663706968-461","https://www.orderchamp.com/nl/marketplace/home-living?filters=new-brands","","https://www.orderchamp.com/nl/store/Usuals/home-living"
"1663706968-462","https://www.orderchamp.com/nl/marketplace/home-living?filters=new-brands","","https://www.orderchamp.com/nl/store/pavin-srl/home-living"
"1663706968-463","https://www.orderchamp.com/nl/marketplace/home-living?filters=new-brands","","https://www.orderchamp.com/nl/store/nordtrice/home-living"
"1663706968-464","https://www.orderchamp.com/nl/marketplace/home-living?filters=new-brands","","https://www.orderchamp.com/nl/store/tats-tiles/home-living"
"1663706968-465","https://www.orderchamp.com/nl/marketplace/home-living?filters=new-brands","","https://www.orderchamp.com/nl/store/jay-hill/home-living"
"1663706968-466","https://www.orderchamp.com/nl/marketplace/home-living?filters=new-brands","","https://www.orderchamp.com/nl/store/GUIRLED/home-living"
"1663706968-467","https://www.orderchamp.com/nl/marketplace/home-living?filters=new-brands","","https://www.orderchamp.com/nl/store/Housse%20de%20R%C3%AAve/home-living"
"1663706968-468","https://www.orderchamp.com/nl/marketplace/home-living?filters=new-brands","","https://www.orderchamp.com/nl/store/timstor-nv/home-living"
"1663706968-469","https://www.orderchamp.com/nl/marketplace/home-living?filters=new-brands","","https://www.orderchamp.com/nl/store/NaturoTheke/home-living"
"1663706968-470","https://www.orderchamp.com/nl/marketplace/home-living?filters=new-brands","","https://www.orderchamp.com/nl/store/Poterie%20Lutton/home-living"
"1663706968-471","https://www.orderchamp.com/nl/marketplace/home-living?filters=new-brands","","https://www.orderchamp.com/nl/store/54celsius-2046129747443713/home-living"
"1663706968-472","https://www.orderchamp.com/nl/marketplace/home-living?filters=new-brands","","https://www.orderchamp.com/nl/store/thankgoods-gmbh/home-living"
"1663706968-473","https://www.orderchamp.com/nl/marketplace/home-living?filters=new-brands","","https://www.orderchamp.com/nl/store/bijoux-de-mur/home-living"
"1663706968-474","https://www.orderchamp.com/nl/marketplace/home-living?filters=new-brands","","https://www.orderchamp.com/nl/store/Hey%20Lana/home-living"
"1663706968-475","https://www.orderchamp.com/nl/marketplace/home-living?filters=new-brands","","https://www.orderchamp.com/nl/store/londodogs/home-living"
"1663706968-476","https://www.orderchamp.com/nl/marketplace/home-living?filters=new-brands","","https://www.orderchamp.com/nl/store/the-beauty-lab-bv/home-living"
"1663706968-477","https://www.orderchamp.com/nl/marketplace/home-living?filters=new-brands","","https://www.orderchamp.com/nl/store/brauzz/home-living"
"1663706968-478","https://www.orderchamp.com/nl/marketplace/home-living?filters=new-brands","","https://www.orderchamp.com/nl/store/Usuals/home-living"
"1663706968-479","https://www.orderchamp.com/nl/marketplace/home-living?filters=new-brands","","https://www.orderchamp.com/nl/store/pavin-srl/home-living"
"1663706968-480","https://www.orderchamp.com/nl/marketplace/home-living?filters=new-brands","","https://www.orderchamp.com/nl/store/nordtrice/home-living"
"1663706968-481","https://www.orderchamp.com/nl/marketplace/home-living?filters=new-brands","","https://www.orderchamp.com/nl/store/tats-tiles/home-living"
"1663706968-482","https://www.orderchamp.com/nl/marketplace/home-living?filters=new-brands","","https://www.orderchamp.com/nl/store/jay-hill/home-living"
"1663706968-483","https://www.orderchamp.com/nl/marketplace/home-living?filters=new-brands","","https://www.orderchamp.com/nl/store/erdenfreund/home-living"
"1663706968-484","https://www.orderchamp.com/nl/marketplace/home-living?filters=new-brands","","https://www.orderchamp.com/nl/store/goatz-candles/home-living"
"1663706968-485","https://www.orderchamp.com/nl/marketplace/home-living?filters=new-brands","","https://www.orderchamp.com/nl/store/Beton-Welt/home-living"
"1663706968-486","https://www.orderchamp.com/nl/marketplace/home-living?filters=new-brands","","https://www.orderchamp.com/nl/store/q-de-bouteilles/home-living"
"1663706968-487","https://www.orderchamp.com/nl/marketplace/home-living?filters=new-brands","","https://www.orderchamp.com/nl/store/R&M%20Coudert%20-%20Kids%20Lights/home-living"
"1663706968-488","https://www.orderchamp.com/nl/marketplace/home-living?filters=new-brands","","https://www.orderchamp.com/nl/store/dore-home/home-living"
"1663706968-489","https://www.orderchamp.com/nl/marketplace/home-living?filters=new-brands","","https://www.orderchamp.com/nl/store/Walther%20design/home-living"
"1663706968-490","https://www.orderchamp.com/nl/marketplace/home-living?filters=new-brands","","https://www.orderchamp.com/nl/store/B&B%20Italiaans%20Wasparfum/home-living"
"1663706968-491","https://www.orderchamp.com/nl/marketplace/home-living?filters=new-brands","","https://www.orderchamp.com/nl/store/ceramor-ceramica/home-living"
"1663706968-492","https://www.orderchamp.com/nl/marketplace/home-living?filters=new-brands","","https://www.orderchamp.com/nl/store/iwantyounaked/home-living"
"1663706968-493","https://www.orderchamp.com/nl/marketplace/home-living?filters=new-brands","","https://www.orderchamp.com/nl/store/joynodes/home-living"
"1663706968-494","https://www.orderchamp.com/nl/marketplace/home-living?filters=new-brands","","https://www.orderchamp.com/nl/store/kazoo/home-living"
"1663706968-495","https://www.orderchamp.com/nl/marketplace/home-living?filters=new-brands","","https://www.orderchamp.com/nl/store/Mrcarpet/home-living"
"1663706968-496","https://www.orderchamp.com/nl/marketplace/home-living?filters=new-brands","","https://www.orderchamp.com/nl/store/vigro-import/home-living"
"1663706968-497","https://www.orderchamp.com/nl/marketplace/home-living?filters=new-brands","","https://www.orderchamp.com/nl/store/seifenwarende/home-living"
"1663706968-498","https://www.orderchamp.com/nl/marketplace/home-living?filters=new-brands","","https://www.orderchamp.com/nl/store/KELLERKINDinterior/home-living"
"1663706968-499","https://www.orderchamp.com/nl/marketplace/home-living?filters=new-brands","","https://www.orderchamp.com/nl/store/Keramik%20und%20mehr/home-living"
"1663706968-500","https://www.orderchamp.com/nl/marketplace/home-living?filters=new-brands","","https://www.orderchamp.com/nl/store/PURE%20FLAME/home-living"
"1663706968-501","https://www.orderchamp.com/nl/marketplace/home-living?filters=new-brands","","https://www.orderchamp.com/nl/store/goatz-candles/home-living"
"1663706968-502","https://www.orderchamp.com/nl/marketplace/home-living?filters=new-brands","","https://www.orderchamp.com/nl/store/Beton-Welt/home-living"
"1663706968-503","https://www.orderchamp.com/nl/marketplace/home-living?filters=new-brands","","https://www.orderchamp.com/nl/store/q-de-bouteilles/home-living"
"1663706968-504","https://www.orderchamp.com/nl/marketplace/home-living?filters=new-brands","","https://www.orderchamp.com/nl/store/R&M%20Coudert%20-%20Kids%20Lights/home-living"
"1663706968-505","https://www.orderchamp.com/nl/marketplace/home-living?filters=new-brands","","https://www.orderchamp.com/nl/store/dore-home/home-living"
"1663706968-506","https://www.orderchamp.com/nl/marketplace/home-living?filters=new-brands","","https://www.orderchamp.com/nl/store/Walther%20design/home-living"
"1663706968-507","https://www.orderchamp.com/nl/marketplace/home-living?filters=new-brands","","https://www.orderchamp.com/nl/store/B&B%20Italiaans%20Wasparfum/home-living"
"1663706968-508","https://www.orderchamp.com/nl/marketplace/home-living?filters=new-brands","","https://www.orderchamp.com/nl/store/iwantyounaked/home-living"
"1663706968-509","https://www.orderchamp.com/nl/marketplace/home-living?filters=new-brands","","https://www.orderchamp.com/nl/store/joynodes/home-living"
"1663706968-510","https://www.orderchamp.com/nl/marketplace/home-living?filters=new-brands","","https://www.orderchamp.com/nl/store/kazoo/home-living"
"1663706968-511","https://www.orderchamp.com/nl/marketplace/home-living?filters=new-brands","","https://www.orderchamp.com/nl/store/seifenwarende/home-living"
"1663706968-512","https://www.orderchamp.com/nl/marketplace/home-living?filters=new-brands","","https://www.orderchamp.com/nl/store/KELLERKINDinterior/home-living"
"1663706968-513","https://www.orderchamp.com/nl/marketplace/home-living?filters=new-brands","","https://www.orderchamp.com/nl/store/Keramik%20und%20mehr/home-living"
"1663706968-514","https://www.orderchamp.com/nl/marketplace/home-living?filters=new-brands","","https://www.orderchamp.com/nl/store/PURE%20FLAME/home-living"
"1663706968-515","https://www.orderchamp.com/nl/marketplace/home-living?filters=new-brands","","https://www.orderchamp.com/nl/store/gespaensterwald/home-living"
"1663706968-516","https://www.orderchamp.com/nl/marketplace/home-living?filters=new-brands","","https://www.orderchamp.com/nl/store/powders-hazel/home-living"
"1663706968-517","https://www.orderchamp.com/nl/marketplace/home-living?filters=new-brands","","https://www.orderchamp.com/nl/store/the-sustainable-people/home-living"
"1663706968-518","https://www.orderchamp.com/nl/marketplace/home-living?filters=new-brands","","https://www.orderchamp.com/nl/store/sweet-nothing/home-living"
"1663706968-519","https://www.orderchamp.com/nl/marketplace/home-living?filters=new-brands","","https://www.orderchamp.com/nl/store/2Chance%20Upcycling%20Design/home-living"
"1663706968-520","https://www.orderchamp.com/nl/marketplace/home-living?filters=new-brands","","https://www.orderchamp.com/nl/store/Sammy%20Ray/home-living"
"1663706968-521","https://www.orderchamp.com/nl/marketplace/home-living?filters=new-brands","","https://www.orderchamp.com/nl/store/angel-cerda/home-living"
"1663706968-522","https://www.orderchamp.com/nl/marketplace/home-living?filters=new-brands","","https://www.orderchamp.com/nl/store/naturn-pottery/home-living"
"1663706968-523","https://www.orderchamp.com/nl/marketplace/home-living?filters=new-brands","","https://www.orderchamp.com/nl/store/creabrulee/home-living"
"1663706968-524","https://www.orderchamp.com/nl/marketplace/home-living?filters=new-brands","","https://www.orderchamp.com/nl/store/Red-Cup-Shop/home-living"
"1663706968-525","https://www.orderchamp.com/nl/marketplace/home-living?filters=new-brands","","https://www.orderchamp.com/nl/store/silberthal/home-living"
"1663706968-526","https://www.orderchamp.com/nl/marketplace/home-living?filters=new-brands","","https://www.orderchamp.com/nl/store/house-of-mare/home-living"
"1663706968-527","https://www.orderchamp.com/nl/marketplace/home-living?filters=new-brands","","https://www.orderchamp.com/nl/store/la-saponniere/home-living"
"1663706968-528","https://www.orderchamp.com/nl/marketplace/home-living?filters=new-brands","","https://www.orderchamp.com/nl/store/myfelt-gmbh/home-living"
"1663706968-529","https://www.orderchamp.com/nl/marketplace/home-living?filters=new-brands","","https://www.orderchamp.com/nl/store/naturling/home-living"
"1663706968-530","https://www.orderchamp.com/nl/marketplace/home-living?filters=new-brands","","https://www.orderchamp.com/nl/store/OVO%20Things/home-living"
"1663706968-531","https://www.orderchamp.com/nl/marketplace/home-living?filters=new-brands","","https://www.orderchamp.com/nl/store/Mumto/home-living"
"1663706968-532","https://www.orderchamp.com/nl/marketplace/home-living?filters=new-brands","","https://www.orderchamp.com/nl/store/lacor-1291690422337537/home-living"
"1663706968-533","https://www.orderchamp.com/nl/marketplace/home-living?filters=new-brands","","https://www.orderchamp.com/nl/store/arredamenti-italia-group-srl/home-living"
"1663706968-534","https://www.orderchamp.com/nl/marketplace/home-living?filters=new-brands","","https://www.orderchamp.com/nl/store/Kyuka%20Design/home-living"
"1663706968-535","https://www.orderchamp.com/nl/marketplace/home-living?filters=new-brands","","https://www.orderchamp.com/nl/store/MagicLinen/home-living"
"1663706968-536","https://www.orderchamp.com/nl/marketplace/home-living?filters=new-brands","","https://www.orderchamp.com/nl/store/nummer-13/home-living"
"1663706968-537","https://www.orderchamp.com/nl/marketplace/home-living?filters=new-brands","","https://www.orderchamp.com/nl/store/LeuchtNatur%20GmbH/home-living"
"1663706968-538","https://www.orderchamp.com/nl/marketplace/home-living?filters=new-brands","","https://www.orderchamp.com/nl/store/manufaktur-zartgefuhl/home-living"
"1663706968-539","https://www.orderchamp.com/nl/marketplace/home-living?filters=new-brands","","https://www.orderchamp.com/nl/store/azur-natural-bodycare/home-living"
"1663706968-540","https://www.orderchamp.com/nl/marketplace/home-living?filters=new-brands","","https://www.orderchamp.com/nl/store/Juwelanda/home-living"
"1663706968-541","https://www.orderchamp.com/nl/marketplace/home-living?filters=new-brands","","https://www.orderchamp.com/nl/store/soltako-gmbh/home-living"
"1663706968-542","https://www.orderchamp.com/nl/marketplace/home-living?filters=new-brands","","https://www.orderchamp.com/nl/store/creative-collection/home-living"
"1663706968-543","https://www.orderchamp.com/nl/marketplace/home-living?filters=new-brands","","https://www.orderchamp.com/nl/store/Die%20Stadtmeister/home-living"
"1663706968-544","https://www.orderchamp.com/nl/marketplace/home-living?filters=new-brands","","https://www.orderchamp.com/nl/store/hoghan/home-living"
"1663706968-545","https://www.orderchamp.com/nl/marketplace/home-living?filters=new-brands","","https://www.orderchamp.com/nl/store/boen-cleaning-bv/home-living"
"1663706968-546","https://www.orderchamp.com/nl/marketplace/home-living?filters=new-brands","","https://www.orderchamp.com/nl/store/proposnature/home-living"
"1663706968-547","https://www.orderchamp.com/nl/marketplace/home-living?filters=new-brands","","https://www.orderchamp.com/nl/store/francbio/home-living"
"1663706968-548","https://www.orderchamp.com/nl/marketplace/home-living?filters=new-brands","","https://www.orderchamp.com/nl/store/laguiole-2054992456089601/home-living"
"1663706968-549","https://www.orderchamp.com/nl/marketplace/home-living?filters=new-brands","","https://www.orderchamp.com/nl/store/skarabea/home-living"
"1663706968-550","https://www.orderchamp.com/nl/marketplace/home-living?filters=new-brands","","https://www.orderchamp.com/nl/store/studio-bylamp/home-living"
"1663706968-551","https://www.orderchamp.com/nl/marketplace/home-living?filters=new-brands","","https://www.orderchamp.com/nl/store/soltako-gmbh/home-living"
"1663706968-552","https://www.orderchamp.com/nl/marketplace/home-living?filters=new-brands","","https://www.orderchamp.com/nl/store/creative-collection/home-living"
"1663706968-553","https://www.orderchamp.com/nl/marketplace/home-living?filters=new-brands","","https://www.orderchamp.com/nl/store/Die%20Stadtmeister/home-living"
"1663706968-554","https://www.orderchamp.com/nl/marketplace/home-living?filters=new-brands","","https://www.orderchamp.com/nl/store/hoghan/home-living"
"1663706968-555","https://www.orderchamp.com/nl/marketplace/home-living?filters=new-brands","","https://www.orderchamp.com/nl/store/boen-cleaning-bv/home-living"
"1663706968-556","https://www.orderchamp.com/nl/marketplace/home-living?filters=new-brands","","https://www.orderchamp.com/nl/store/proposnature/home-living"
"1663706968-557","https://www.orderchamp.com/nl/marketplace/home-living?filters=new-brands","","https://www.orderchamp.com/nl/store/francbio/home-living"
"1663706968-558","https://www.orderchamp.com/nl/marketplace/home-living?filters=new-brands","","https://www.orderchamp.com/nl/store/laguiole-2054992456089601/home-living"
"1663706968-559","https://www.orderchamp.com/nl/marketplace/home-living?filters=new-brands","","https://www.orderchamp.com/nl/store/skarabea/home-living"
"1663706968-560","https://www.orderchamp.com/nl/marketplace/home-living?filters=new-brands","","https://www.orderchamp.com/nl/store/studio-bylamp/home-living"
"1663706968-561","https://www.orderchamp.com/nl/marketplace/home-living?filters=new-brands","","https://www.orderchamp.com/nl/store/olivinus-by-segura/home-living"
"1663706968-562","https://www.orderchamp.com/nl/marketplace/home-living?filters=new-brands","","https://www.orderchamp.com/nl/store/HERZundPAPIER/home-living"
"1663706968-563","https://www.orderchamp.com/nl/marketplace/home-living?filters=new-brands","","https://www.orderchamp.com/nl/store/Interbaby/home-living"
"1663706968-564","https://www.orderchamp.com/nl/marketplace/home-living?filters=new-brands","","https://www.orderchamp.com/nl/store/flamma-candles/home-living"
"1663706968-565","https://www.orderchamp.com/nl/marketplace/home-living?filters=new-brands","","https://www.orderchamp.com/nl/store/xoopar-europe/home-living"
"1663706968-566","https://www.orderchamp.com/nl/marketplace/home-living?filters=new-brands","","https://www.orderchamp.com/nl/store/aymando-home-gmbh/home-living"
"1663706968-567","https://www.orderchamp.com/nl/marketplace/home-living?filters=new-brands","","https://www.orderchamp.com/nl/store/bloomingville-mini/home-living"
"1663706968-568","https://www.orderchamp.com/nl/marketplace/home-living?filters=new-brands","","https://www.orderchamp.com/nl/store/ALEXANDRA%20DECOR/home-living"
"1663706968-569","https://www.orderchamp.com/nl/marketplace/home-living?filters=new-brands","","https://www.orderchamp.com/nl/store/Louise%20%C3%A9moi/home-living"
"1663706968-570","https://www.orderchamp.com/nl/marketplace/home-living?filters=new-brands","","https://www.orderchamp.com/nl/store/bbmp/home-living"
"1663706968-571","https://www.orderchamp.com/nl/marketplace/home-living?filters=new-brands","","https://www.orderchamp.com/nl/store/alexandra-garden/home-living"
"1663706968-572","https://www.orderchamp.com/nl/marketplace/home-living?filters=new-brands","","https://www.orderchamp.com/nl/store/Signe/home-living"
"1663706968-573","https://www.orderchamp.com/nl/marketplace/home-living?filters=new-brands","","https://www.orderchamp.com/nl/store/kese/home-living"
"1663706968-574","https://www.orderchamp.com/nl/marketplace/home-living?filters=new-brands","","https://www.orderchamp.com/nl/store/Nielsen%20Light/home-living"
"1663706968-575","https://www.orderchamp.com/nl/marketplace/home-living?filters=new-brands","","https://www.orderchamp.com/nl/store/othat-othat-we-love-happy-baby-kids-spring-sale/home-living"
"1663706968-576","https://www.orderchamp.com/nl/marketplace/home-living?filters=new-brands","","https://www.orderchamp.com/nl/store/malango/home-living"
"1663706968-577","https://www.orderchamp.com/nl/marketplace/home-living?filters=new-brands","","https://www.orderchamp.com/nl/store/PLATEX/home-living"
"1663706968-578","https://www.orderchamp.com/nl/marketplace/home-living?filters=new-brands","","https://www.orderchamp.com/nl/store/tohu/home-living"
"1663706968-579","https://www.orderchamp.com/nl/marketplace/home-living?filters=new-brands","","https://www.orderchamp.com/nl/store/aymando-home-gmbh/home-living"
"1663706968-580","https://www.orderchamp.com/nl/marketplace/home-living?filters=new-brands","","https://www.orderchamp.com/nl/store/bloomingville-mini/home-living"
"1663706968-581","https://www.orderchamp.com/nl/marketplace/home-living?filters=new-brands","","https://www.orderchamp.com/nl/store/ALEXANDRA%20DECOR/home-living"
"1663706968-582","https://www.orderchamp.com/nl/marketplace/home-living?filters=new-brands","","https://www.orderchamp.com/nl/store/Louise%20%C3%A9moi/home-living"
"1663706968-583","https://www.orderchamp.com/nl/marketplace/home-living?filters=new-brands","","https://www.orderchamp.com/nl/store/bbmp/home-living"
"1663706968-584","https://www.orderchamp.com/nl/marketplace/home-living?filters=new-brands","","https://www.orderchamp.com/nl/store/alexandra-garden/home-living"
"1663706968-585","https://www.orderchamp.com/nl/marketplace/home-living?filters=new-brands","","https://www.orderchamp.com/nl/store/Signe/home-living"
"1663706968-586","https://www.orderchamp.com/nl/marketplace/home-living?filters=new-brands","","https://www.orderchamp.com/nl/store/kese/home-living"
"1663706968-587","https://www.orderchamp.com/nl/marketplace/home-living?filters=new-brands","","https://www.orderchamp.com/nl/store/Nielsen%20Light/home-living"
"1663706968-588","https://www.orderchamp.com/nl/marketplace/home-living?filters=new-brands","","https://www.orderchamp.com/nl/store/othat-othat-we-love-happy-baby-kids-spring-sale/home-living"
"1663706968-589","https://www.orderchamp.com/nl/marketplace/home-living?filters=new-brands","","https://www.orderchamp.com/nl/store/malango/home-living"
"1663706968-590","https://www.orderchamp.com/nl/marketplace/home-living?filters=new-brands","","https://www.orderchamp.com/nl/store/PLATEX/home-living"
"1663706968-591","https://www.orderchamp.com/nl/marketplace/home-living?filters=new-brands","","https://www.orderchamp.com/nl/store/tohu/home-living"
"1663706968-592","https://www.orderchamp.com/nl/marketplace/home-living?filters=new-brands","","https://www.orderchamp.com/nl/store/magdalena-michalka/home-living"
"1663706968-593","https://www.orderchamp.com/nl/marketplace/home-living?filters=new-brands","","https://www.orderchamp.com/nl/store/laroom-shop/home-living"
"1663706968-594","https://www.orderchamp.com/nl/marketplace/home-living?filters=new-brands","","https://www.orderchamp.com/nl/store/das%20kleine%20b/home-living"
"1663706968-595","https://www.orderchamp.com/nl/marketplace/home-living?filters=new-brands","","https://www.orderchamp.com/nl/store/lor-de-seraphine/home-living"
"1663706968-596","https://www.orderchamp.com/nl/marketplace/home-living?filters=new-brands","","https://www.orderchamp.com/nl/store/hole-in-the-wall/home-living"
"1663706968-597","https://www.orderchamp.com/nl/marketplace/home-living?filters=new-brands","","https://www.orderchamp.com/nl/store/LES%20VERTS%20MOUTONS/home-living"
"1663706968-598","https://www.orderchamp.com/nl/marketplace/home-living?filters=new-brands","","https://www.orderchamp.com/nl/store/bambaw/home-living"
"1663706968-599","https://www.orderchamp.com/nl/marketplace/home-living?filters=new-brands","","https://www.orderchamp.com/nl/store/inventme-gmbh/home-living"
"1663706968-600","https://www.orderchamp.com/nl/marketplace/home-living?filters=new-brands","","https://www.orderchamp.com/nl/store/studio-animaux/home-living"
"1663706968-601","https://www.orderchamp.com/nl/marketplace/home-living?filters=new-brands","","https://www.orderchamp.com/nl/store/t-shirtsz/home-living"
"1663706968-602","https://www.orderchamp.com/nl/marketplace/home-living?filters=new-brands","","https://www.orderchamp.com/nl/store/allcon/home-living"
"1663706968-603","https://www.orderchamp.com/nl/marketplace/home-living?filters=new-brands","","https://www.orderchamp.com/nl/store/mp-srl/home-living"
"1663706968-604","https://www.orderchamp.com/nl/marketplace/home-living?filters=new-brands","","https://www.orderchamp.com/nl/store/Artisan%20by%20MF/home-living"
"1663706968-605","https://www.orderchamp.com/nl/marketplace/home-living?filters=new-brands","","https://www.orderchamp.com/nl/store/yoga-junkies/home-living"
"1663706968-606","https://www.orderchamp.com/nl/marketplace/home-living?filters=new-brands","","https://www.orderchamp.com/nl/store/woodstock-lifestyle-more/home-living"
"1663706968-607","https://www.orderchamp.com/nl/marketplace/home-living?filters=new-brands","","https://www.orderchamp.com/nl/store/Vakur-home/home-living"
"1663706968-608","https://www.orderchamp.com/nl/marketplace/home-living?filters=new-brands","","https://www.orderchamp.com/nl/store/haan-2027764225163265/home-living"
"1663706968-609","https://www.orderchamp.com/nl/marketplace/home-living?filters=new-brands","","https://www.orderchamp.com/nl/store/NATTU%20-%20ECOPRODUCTS%20FOR%20LIFE/home-living"
"1663706968-610","https://www.orderchamp.com/nl/marketplace/home-living?filters=new-brands","","https://www.orderchamp.com/nl/store/mp-srl/home-living"
"1663706968-611","https://www.orderchamp.com/nl/marketplace/home-living?filters=new-brands","","https://www.orderchamp.com/nl/store/Artisan%20by%20MF/home-living"
"1663706968-612","https://www.orderchamp.com/nl/marketplace/home-living?filters=new-brands","","https://www.orderchamp.com/nl/store/yoga-junkies/home-living"
"1663706968-613","https://www.orderchamp.com/nl/marketplace/home-living?filters=new-brands","","https://www.orderchamp.com/nl/store/woodstock-lifestyle-more/home-living"
"1663706968-614","https://www.orderchamp.com/nl/marketplace/home-living?filters=new-brands","","https://www.orderchamp.com/nl/store/Vakur-home/home-living"
"1663706968-615","https://www.orderchamp.com/nl/marketplace/home-living?filters=new-brands","","https://www.orderchamp.com/nl/store/haan-2027764225163265/home-living"
"1663706968-616","https://www.orderchamp.com/nl/marketplace/home-living?filters=new-brands","","https://www.orderchamp.com/nl/store/NATTU%20-%20ECOPRODUCTS%20FOR%20LIFE/home-living"
"1663706968-617","https://www.orderchamp.com/nl/marketplace/home-living?filters=new-brands","","https://www.orderchamp.com/nl/store/sotto-luce/home-living"
"1663706968-618","https://www.orderchamp.com/nl/marketplace/home-living?filters=new-brands","","https://www.orderchamp.com/nl/store/studio-kuukeluus/home-living"
"1663706968-619","https://www.orderchamp.com/nl/marketplace/home-living?filters=new-brands","","https://www.orderchamp.com/nl/store/liselillustration/home-living"
"1663706968-620","https://www.orderchamp.com/nl/marketplace/home-living?filters=new-brands","","https://www.orderchamp.com/nl/store/haferkorn-sauerbrey/home-living"
"1663706968-621","https://www.orderchamp.com/nl/marketplace/home-living?filters=new-brands","","https://www.orderchamp.com/nl/store/studio79-lamps/home-living"
"1663706968-622","https://www.orderchamp.com/nl/marketplace/home-living?filters=new-brands","","https://www.orderchamp.com/nl/store/binky-protein/home-living"
"1663706968-623","https://www.orderchamp.com/nl/marketplace/home-living?filters=new-brands","","https://www.orderchamp.com/nl/store/olivinus-by-segura/home-living"
"1663706968-624","https://www.orderchamp.com/nl/marketplace/home-living?filters=new-brands","","https://www.orderchamp.com/nl/store/HERZundPAPIER/home-living"
"1663706968-625","https://www.orderchamp.com/nl/marketplace/home-living?filters=new-brands","","https://www.orderchamp.com/nl/store/gizmo-design-bv/home-living"
"1663706968-626","https://www.orderchamp.com/nl/marketplace/home-living?filters=new-brands","","https://www.orderchamp.com/nl/store/Myga%20Eco/home-living"
"1663706968-627","https://www.orderchamp.com/nl/marketplace/home-living?filters=new-brands","","https://www.orderchamp.com/nl/store/William%20Walker/home-living"
"1663706968-628","https://www.orderchamp.com/nl/marketplace/home-living?filters=new-brands","","https://www.orderchamp.com/nl/store/mabery/home-living"
"1663706968-629","https://www.orderchamp.com/nl/marketplace/home-living?filters=new-brands","","https://www.orderchamp.com/nl/store/atelier-clash/home-living"
"1663706968-630","https://www.orderchamp.com/nl/marketplace/home-living?filters=new-brands","","https://www.orderchamp.com/nl/store/fidayy/home-living"
"1663706968-631","https://www.orderchamp.com/nl/marketplace/home-living?filters=new-brands","","https://www.orderchamp.com/nl/store/nun-art/home-living"
"1663706968-632","https://www.orderchamp.com/nl/marketplace/home-living?filters=new-brands","","https://www.orderchamp.com/nl/store/kaase-atelier/home-living"
"1663706968-633","https://www.orderchamp.com/nl/marketplace/home-living?filters=new-brands","","https://www.orderchamp.com/nl/store/Root%20Aromaterapi/home-living"
"1663706968-634","https://www.orderchamp.com/nl/marketplace/home-living?filters=new-brands","","https://www.orderchamp.com/nl/store/hic-ceramics/home-living"
"1663706968-635","https://www.orderchamp.com/nl/marketplace/home-living?filters=new-brands","","https://www.orderchamp.com/nl/store/lazy-things-club/home-living"
"1663706968-636","https://www.orderchamp.com/nl/marketplace/home-living?filters=new-brands","","https://www.orderchamp.com/nl/store/bab-objects/home-living"
"1663706968-637","https://www.orderchamp.com/nl/marketplace/home-living?filters=new-brands","","https://www.orderchamp.com/nl/store/Myga%20Eco/home-living"
"1663706968-638","https://www.orderchamp.com/nl/marketplace/home-living?filters=new-brands","","https://www.orderchamp.com/nl/store/eternel%20Organic%20Skincare/home-living"
"1663706968-639","https://www.orderchamp.com/nl/marketplace/home-living?filters=new-brands","","https://www.orderchamp.com/nl/store/PAMPASKONING/home-living"
"1663706968-640","https://www.orderchamp.com/nl/marketplace/home-living?filters=new-brands","","https://www.orderchamp.com/nl/store/dr-jonquille-mr-ail/home-living"
"1663706968-641","https://www.orderchamp.com/nl/marketplace/home-living?filters=new-brands","","https://www.orderchamp.com/nl/store/as-creation-tapeten/home-living"
"1663706968-642","https://www.orderchamp.com/nl/marketplace/home-living?filters=new-brands","","https://www.orderchamp.com/nl/store/art-domino-cities-in-pop-art/home-living"
"1663706968-643","https://www.orderchamp.com/nl/marketplace/home-living?filters=new-brands","","https://www.orderchamp.com/nl/store/terramara-deco/home-living"
"1663706968-644","https://www.orderchamp.com/nl/marketplace/home-living?filters=new-brands","","https://www.orderchamp.com/nl/store/douvalls-limited/home-living"
"1663706968-645","https://www.orderchamp.com/nl/marketplace/home-living?filters=new-brands","","https://www.orderchamp.com/nl/store/planttoolsnl/home-living"
"1663706968-646","https://www.orderchamp.com/nl/marketplace/home-living?filters=new-brands","","https://www.orderchamp.com/nl/store/betec-leuchten-manufactur/home-living"
"1663706968-647","https://www.orderchamp.com/nl/marketplace/home-living?filters=new-brands","","https://www.orderchamp.com/nl/store/luxetera-interiors/home-living"
"1663706968-648","https://www.orderchamp.com/nl/marketplace/home-living?filters=new-brands","","https://www.orderchamp.com/nl/store/AARON%20PROBYN/home-living"
"1663706968-649","https://www.orderchamp.com/nl/marketplace/home-living?filters=new-brands","","https://www.orderchamp.com/nl/store/haku-mobel-gmbh-co-kg/home-living"
"1663706968-650","https://www.orderchamp.com/nl/marketplace/home-living?filters=new-brands","","https://www.orderchamp.com/nl/store/illume-x-bloomingville/home-living"
"1663706968-651","https://www.orderchamp.com/nl/marketplace/home-living?filters=new-brands","","https://www.orderchamp.com/nl/store/fair-together/home-living"
"1663706968-652","https://www.orderchamp.com/nl/marketplace/home-living?filters=new-brands","","https://www.orderchamp.com/nl/store/MAWA%20Clothes%20hangers/home-living"
"1663706968-653","https://www.orderchamp.com/nl/marketplace/home-living?filters=new-brands","","https://www.orderchamp.com/nl/store/Linarosa%20Cosm%C3%A9tiques/home-living"
"1663706968-654","https://www.orderchamp.com/nl/marketplace/home-living?filters=new-brands","","https://www.orderchamp.com/nl/store/live-linen/home-living"
"1663706968-655","https://www.orderchamp.com/nl/marketplace/home-living?filters=new-brands","","https://www.orderchamp.com/nl/store/REGARD'OR/home-living"
"1663706968-656","https://www.orderchamp.com/nl/marketplace/home-living?filters=new-brands","","https://www.orderchamp.com/nl/store/tissage-moutet/home-living"
"1663706968-657","https://www.orderchamp.com/nl/marketplace/home-living?filters=new-brands","","https://www.orderchamp.com/nl/store/kesem-candles/home-living"
"1663706968-658","https://www.orderchamp.com/nl/marketplace/home-living?filters=new-brands","","https://www.orderchamp.com/nl/store/sauba-innovations/home-living"
"1663706968-659","https://www.orderchamp.com/nl/marketplace/home-living?filters=new-brands","","https://www.orderchamp.com/nl/store/fressimouss/home-living"
"1663706968-660","https://www.orderchamp.com/nl/marketplace/home-living?filters=new-brands","","https://www.orderchamp.com/nl/store/questlog/home-living"
"1663706968-661","https://www.orderchamp.com/nl/marketplace/home-living?filters=new-brands","","https://www.orderchamp.com/nl/store/wallquotes/home-living"
"1663706968-662","https://www.orderchamp.com/nl/marketplace/home-living?filters=new-brands","","https://www.orderchamp.com/nl/store/fab-creations/home-living"
"1663706968-663","https://www.orderchamp.com/nl/marketplace/home-living?filters=new-brands","","https://www.orderchamp.com/nl/store/ledsone-uk-limited/home-living"
"1663706968-664","https://www.orderchamp.com/nl/marketplace/home-living?filters=new-brands","","https://www.orderchamp.com/nl/store/anna%20wand%20&%20lovely%20label/home-living"
"1663706968-665","https://www.orderchamp.com/nl/marketplace/home-living?filters=new-brands","","https://www.orderchamp.com/nl/store/QUBITO_Another%20Tuscany/home-living"
"1663706968-666","https://www.orderchamp.com/nl/marketplace/home-living?filters=new-brands","","https://www.orderchamp.com/nl/store/smithkoster/home-living"
"1663706968-667","https://www.orderchamp.com/nl/marketplace/home-living?filters=new-brands","","https://www.orderchamp.com/nl/store/Our%20Icons/home-living"
"1663706968-668","https://www.orderchamp.com/nl/marketplace/home-living?filters=new-brands","","https://www.orderchamp.com/nl/store/Wilhahn%20Geschenkenartikel/home-living"
"1663706968-669","https://www.orderchamp.com/nl/marketplace/home-living?filters=new-brands","","https://www.orderchamp.com/nl/store/Art%20Grafik/home-living"
"1663706968-670","https://www.orderchamp.com/nl/marketplace/home-living?filters=new-brands","","https://www.orderchamp.com/nl/store/monsieurfarben/home-living"
"1663706968-671","https://www.orderchamp.com/nl/marketplace/home-living?filters=new-brands","","https://www.orderchamp.com/nl/store/MAD%20ABOUT%20MATS/home-living"
"1663706968-672","https://www.orderchamp.com/nl/marketplace/home-living?filters=new-brands","","https://www.orderchamp.com/nl/store/sacreddivine/home-living"
"1663706968-673","https://www.orderchamp.com/nl/marketplace/home-living?filters=new-brands","","https://www.orderchamp.com/nl/store/sin-teelichthalter/home-living"
"1663706968-674","https://www.orderchamp.com/nl/marketplace/home-living?filters=new-brands","","https://www.orderchamp.com/nl/store/flaming-candles/home-living"
"1663706968-675","https://www.orderchamp.com/nl/marketplace/home-living?filters=new-brands","","https://www.orderchamp.com/nl/store/voja-malenkovic/home-living"
"1663706968-676","https://www.orderchamp.com/nl/marketplace/home-living?filters=new-brands","","https://www.orderchamp.com/nl/store/luizzo-gmbh/home-living"
"1663706968-677","https://www.orderchamp.com/nl/marketplace/home-living?filters=new-brands","","https://www.orderchamp.com/nl/store/fibi-karl/home-living"
"1663706968-678","https://www.orderchamp.com/nl/marketplace/home-living?filters=new-brands","","https://www.orderchamp.com/nl/store/caloogan/home-living"
"1663706968-679","https://www.orderchamp.com/nl/marketplace/home-living?filters=new-brands","","https://www.orderchamp.com/nl/store/uncommon/home-living"
"1663706968-680","https://www.orderchamp.com/nl/marketplace/home-living?filters=new-brands","","https://www.orderchamp.com/nl/store/Persian%20Vintage%20Rugs%20by%20YasCo/home-living"
"1663706968-681","https://www.orderchamp.com/nl/marketplace/home-living?filters=new-brands","","https://www.orderchamp.com/nl/store/mira-lou/home-living"
"1663706968-682","https://www.orderchamp.com/nl/marketplace/home-living?filters=new-brands","","https://www.orderchamp.com/nl/store/studio-ineke-van-der-werff/home-living"
"1663706968-683","https://www.orderchamp.com/nl/marketplace/home-living?filters=new-brands","","https://www.orderchamp.com/nl/store/Queence/home-living"
"1663706968-684","https://www.orderchamp.com/nl/marketplace/home-living?filters=new-brands","","https://www.orderchamp.com/nl/store/Shambo%20Natural%20Haircare/home-living"
"1663706968-685","https://www.orderchamp.com/nl/marketplace/home-living?filters=new-brands","","https://www.orderchamp.com/nl/store/FATTORIA%20CUORE%20VERDE/home-living"
"1663706968-686","https://www.orderchamp.com/nl/marketplace/home-living?filters=new-brands","","https://www.orderchamp.com/nl/store/tuyyo-ab/home-living"
"1663706968-687","https://www.orderchamp.com/nl/marketplace/home-living?filters=new-brands","","https://www.orderchamp.com/nl/store/The%20Secret%20Home/home-living"
"1663706968-688","https://www.orderchamp.com/nl/marketplace/home-living?filters=new-brands","","https://www.orderchamp.com/nl/store/yaninas-fr/home-living"
"1663706968-689","https://www.orderchamp.com/nl/marketplace/home-living?filters=new-brands","","https://www.orderchamp.com/nl/store/Sit%20On%20It/home-living"
"1663706968-690","https://www.orderchamp.com/nl/marketplace/home-living?filters=new-brands","","https://www.orderchamp.com/nl/store/plant-potheads/home-living"
"1663706968-691","https://www.orderchamp.com/nl/marketplace/home-living?filters=new-brands","","https://www.orderchamp.com/nl/store/read-the-label-london/home-living"
"1663706968-692","https://www.orderchamp.com/nl/marketplace/home-living?filters=new-brands","","https://www.orderchamp.com/nl/store/rubigo-interior-design/home-living"
"1663706968-693","https://www.orderchamp.com/nl/marketplace/home-living?filters=new-brands","","https://www.orderchamp.com/nl/store/HUNDinBOX-2010726323208193/home-living"
"1663706968-694","https://www.orderchamp.com/nl/marketplace/home-living?filters=new-brands","","https://www.orderchamp.com/nl/store/hugir-design-studio/home-living"
"1663706968-695","https://www.orderchamp.com/nl/marketplace/home-living?filters=new-brands","","https://www.orderchamp.com/nl/store/biobaula/home-living"
"1663706968-696","https://www.orderchamp.com/nl/marketplace/home-living?filters=new-brands","","https://www.orderchamp.com/nl/store/bloemenbaas/home-living"
"1663706968-697","https://www.orderchamp.com/nl/marketplace/home-living?filters=new-brands","","https://www.orderchamp.com/nl/store/max-winzer-gmbh-co-kg/home-living"
"1663706968-698","https://www.orderchamp.com/nl/marketplace/home-living?filters=new-brands","","https://www.orderchamp.com/nl/store/stadtecken-design-gmbh/home-living"
"1663706968-699","https://www.orderchamp.com/nl/marketplace/home-living?filters=new-brands","","https://www.orderchamp.com/nl/store/politura-berlin/home-living"
"1663706968-700","https://www.orderchamp.com/nl/marketplace/home-living?filters=new-brands","","https://www.orderchamp.com/nl/store/pinnns/home-living"
"1663706968-701","https://www.orderchamp.com/nl/marketplace/home-living?filters=new-brands","","https://www.orderchamp.com/nl/store/the-soapi/home-living"
"1663706968-702","https://www.orderchamp.com/nl/marketplace/home-living?filters=new-brands","","https://www.orderchamp.com/nl/store/Living%20Flowers/home-living"
"1663706968-703","https://www.orderchamp.com/nl/marketplace/home-living?filters=new-brands","","https://www.orderchamp.com/nl/store/upcandle/home-living"
"1663706968-704","https://www.orderchamp.com/nl/marketplace/home-living?filters=new-brands","","https://www.orderchamp.com/nl/store/kapaz-cotton-moods/home-living"
"1663706968-705","https://www.orderchamp.com/nl/marketplace/home-living?filters=new-brands","","https://www.orderchamp.com/nl/store/antonia-berndt/home-living"
"1663706968-706","https://www.orderchamp.com/nl/marketplace/home-living?filters=new-brands","","https://www.orderchamp.com/nl/store/gmfloor/home-living"
"1663706968-707","https://www.orderchamp.com/nl/marketplace/home-living?filters=new-brands","","https://www.orderchamp.com/nl/store/Studio%20Armelle/home-living"
"1663706968-708","https://www.orderchamp.com/nl/marketplace/home-living?filters=new-brands","","https://www.orderchamp.com/nl/store/zerah/home-living"
"1663706968-709","https://www.orderchamp.com/nl/marketplace/home-living?filters=new-brands","","https://www.orderchamp.com/nl/store/maiis/home-living"
"1663706968-710","https://www.orderchamp.com/nl/marketplace/home-living?filters=new-brands","","https://www.orderchamp.com/nl/store/planimol-gmbh/home-living"
"1663706968-711","https://www.orderchamp.com/nl/marketplace/home-living?filters=new-brands","","https://www.orderchamp.com/nl/store/smoogsch/home-living"
"1663706968-712","https://www.orderchamp.com/nl/marketplace/home-living?filters=new-brands","","https://www.orderchamp.com/nl/store/Kokedami%20Plants/home-living"
"1663706968-713","https://www.orderchamp.com/nl/marketplace/home-living?filters=new-brands","","https://www.orderchamp.com/nl/store/Barnb%C3%B6ssel/home-living"
"1663706968-714","https://www.orderchamp.com/nl/marketplace/home-living?filters=new-brands","","https://www.orderchamp.com/nl/store/maigrau/home-living"
"1663706968-715","https://www.orderchamp.com/nl/marketplace/home-living?filters=new-brands","","https://www.orderchamp.com/nl/store/freeform-profino/home-living"
"1663706968-716","https://www.orderchamp.com/nl/marketplace/home-living?filters=new-brands","","https://www.orderchamp.com/nl/store/lokaal-living/home-living"
"1663706968-717","https://www.orderchamp.com/nl/marketplace/home-living?filters=new-brands","","https://www.orderchamp.com/nl/store/mavolu/home-living"
"1663706968-718","https://www.orderchamp.com/nl/marketplace/home-living?filters=new-brands","","https://www.orderchamp.com/nl/store/CHOICE%20Naturseifen/home-living"
"1663706968-719","https://www.orderchamp.com/nl/marketplace/home-living?filters=new-brands","","https://www.orderchamp.com/nl/store/LANIKA/home-living"
"1663706968-720","https://www.orderchamp.com/nl/marketplace/home-living?filters=new-brands","","https://www.orderchamp.com/nl/store/douvalls-limited/home-living"
"1663706968-721","https://www.orderchamp.com/nl/marketplace/home-living?filters=new-brands","","https://www.orderchamp.com/nl/store/ocean-home/home-living"
"1663706968-722","https://www.orderchamp.com/nl/marketplace/home-living?filters=new-brands","","https://www.orderchamp.com/nl/store/funkenflug-gmbh/home-living"
"1663706968-723","https://www.orderchamp.com/nl/marketplace/home-living?filters=new-brands","","https://www.orderchamp.com/nl/store/pawpow/home-living"
"1663706968-724","https://www.orderchamp.com/nl/marketplace/home-living?filters=new-brands","","https://www.orderchamp.com/nl/store/unrefined-riches/home-living"
"1663706968-725","https://www.orderchamp.com/nl/marketplace/home-living?filters=new-brands","","https://www.orderchamp.com/nl/store/shade-candles/home-living"
"1663706968-726","https://www.orderchamp.com/nl/marketplace/home-living?filters=new-brands","","https://www.orderchamp.com/nl/store/meomari-bv/home-living"
"1663706968-727","https://www.orderchamp.com/nl/marketplace/home-living?filters=new-brands","","https://www.orderchamp.com/nl/store/the-nine-space/home-living"
"1663706968-728","https://www.orderchamp.com/nl/marketplace/home-living?filters=new-brands","","https://www.orderchamp.com/nl/store/ocean-home/home-living"
"1663706968-729","https://www.orderchamp.com/nl/marketplace/home-living?filters=new-brands","","https://www.orderchamp.com/nl/store/almacabio-srl/home-living"
"1663706968-730","https://www.orderchamp.com/nl/marketplace/home-living?filters=new-brands","","https://www.orderchamp.com/nl/store/rozzey/home-living"
"1663706968-731","https://www.orderchamp.com/nl/marketplace/home-living?filters=new-brands","","https://www.orderchamp.com/nl/store/goldblume/home-living"
"1663706968-732","https://www.orderchamp.com/nl/marketplace/home-living?filters=new-brands","","https://www.orderchamp.com/nl/store/Maminat/home-living"
"1663706968-733","https://www.orderchamp.com/nl/marketplace/home-living?filters=new-brands","","https://www.orderchamp.com/nl/store/fyta/home-living"
"1663706968-734","https://www.orderchamp.com/nl/marketplace/home-living?filters=new-brands","","https://www.orderchamp.com/nl/store/pawpow/home-living"
"1663706968-735","https://www.orderchamp.com/nl/marketplace/home-living?filters=new-brands","","https://www.orderchamp.com/nl/store/tufetto/home-living"
"1663706968-736","https://www.orderchamp.com/nl/marketplace/home-living?filters=new-brands","","https://www.orderchamp.com/nl/store/no8atolye/home-living"
"1663706968-737","https://www.orderchamp.com/nl/marketplace/home-living?filters=new-brands","","https://www.orderchamp.com/nl/store/halohope-design/home-living"
"1663706968-738","https://www.orderchamp.com/nl/marketplace/home-living?filters=new-brands","","https://www.orderchamp.com/nl/store/alpaq-studio/home-living"
"1663706968-739","https://www.orderchamp.com/nl/marketplace/home-living?filters=new-brands","","https://www.orderchamp.com/nl/store/towdoo/home-living"
"1663706968-740","https://www.orderchamp.com/nl/marketplace/home-living?filters=new-brands","","https://www.orderchamp.com/nl/store/eight-date/home-living"
"1663706968-741","https://www.orderchamp.com/nl/marketplace/home-living?filters=new-brands","","https://www.orderchamp.com/nl/store/kaytus/home-living"
"1663706968-742","https://www.orderchamp.com/nl/marketplace/home-living?filters=new-brands","","https://www.orderchamp.com/nl/store/happa/home-living"
"1663706968-743","https://www.orderchamp.com/nl/marketplace/home-living?filters=new-brands","","https://www.orderchamp.com/nl/store/happa/home-living"
"1663706968-744","https://www.orderchamp.com/nl/marketplace/home-living?filters=new-brands","","https://www.orderchamp.com/nl/store/helal-merch-2064541415571458/home-living"
"1663706968-745","https://www.orderchamp.com/nl/marketplace/home-living?filters=new-brands","","https://www.orderchamp.com/nl/store/jecmuse/home-living"
"1663706968-746","https://www.orderchamp.com/nl/marketplace/home-living?filters=new-brands","","https://www.orderchamp.com/nl/store/karma-1956275992494081/home-living"
"1663706968-747","https://www.orderchamp.com/nl/marketplace/home-living?filters=new-brands","","https://www.orderchamp.com/nl/store/sainte-ethique-ceramics/home-living"
"1663706968-748","https://www.orderchamp.com/nl/marketplace/home-living?filters=new-brands","","https://www.orderchamp.com/nl/store/be-friends/home-living"
"1663706968-749","https://www.orderchamp.com/nl/marketplace/home-living?filters=new-brands","","https://www.orderchamp.com/nl/store/raucherwasserfallde/home-living"
"1663706968-750","https://www.orderchamp.com/nl/marketplace/home-living?filters=new-brands","","https://www.orderchamp.com/nl/store/ekria/home-living"
"1663706968-751","https://www.orderchamp.com/nl/marketplace/home-living?filters=new-brands","","https://www.orderchamp.com/nl/store/buruz/home-living"
"1663706968-752","https://www.orderchamp.com/nl/marketplace/home-living?filters=new-brands","","https://www.orderchamp.com/nl/store/ani-studio/home-living"
"1663706968-753","https://www.orderchamp.com/nl/marketplace/home-living?filters=new-brands","","https://www.orderchamp.com/nl/store/29-designlab/home-living"
"1663706968-754","https://www.orderchamp.com/nl/marketplace/home-living?filters=new-brands","","https://www.orderchamp.com/nl/store/coucou/home-living"
"1663706968-755","https://www.orderchamp.com/nl/marketplace/home-living?filters=new-brands","","https://www.orderchamp.com/nl/store/studio-ovata/home-living"
"1663706968-756","https://www.orderchamp.com/nl/marketplace/home-living?filters=new-brands","","https://www.orderchamp.com/nl/store/oda-products/home-living"
"1663706968-757","https://www.orderchamp.com/nl/marketplace/home-living?filters=new-brands","","https://www.orderchamp.com/nl/store/studio-soi-candle-more/home-living"
"1663706968-758","https://www.orderchamp.com/nl/marketplace/home-living?filters=new-brands","","https://www.orderchamp.com/nl/store/siesta-studio/home-living"
"1663706968-759","https://www.orderchamp.com/nl/marketplace/home-living?filters=new-brands","","https://www.orderchamp.com/nl/store/candle-and-friends/home-living"
"1663706968-760","https://www.orderchamp.com/nl/marketplace/home-living?filters=new-brands","","https://www.orderchamp.com/nl/store/puskullu-sacakli-dukkan/home-living"
"1663706968-761","https://www.orderchamp.com/nl/marketplace/home-living?filters=new-brands","","https://www.orderchamp.com/nl/store/peramu-design/home-living"
"1663706968-762","https://www.orderchamp.com/nl/marketplace/home-living?filters=new-brands","","https://www.orderchamp.com/nl/store/coho-objet/home-living"
"1663706968-763","https://www.orderchamp.com/nl/marketplace/home-living?filters=new-brands","","https://www.orderchamp.com/nl/store/mazu-studio/home-living"
"1663706968-764","https://www.orderchamp.com/nl/marketplace/home-living?filters=new-brands","","https://www.orderchamp.com/nl/store/oolo-studio/home-living"
"1663706968-765","https://www.orderchamp.com/nl/marketplace/home-living?filters=new-brands","","https://www.orderchamp.com/nl/store/grannys-hoop/home-living"
"1663706968-766","https://www.orderchamp.com/nl/marketplace/home-living?filters=new-brands","","https://www.orderchamp.com/nl/store/table-and-sofa/home-living"
"1663706968-767","https://www.orderchamp.com/nl/marketplace/home-living?filters=new-brands","","https://www.orderchamp.com/nl/store/action-zebra/home-living"
"1663706968-768","https://www.orderchamp.com/nl/marketplace/home-living?filters=new-brands","","https://www.orderchamp.com/nl/store/sooth-design/home-living"
"1663706968-769","https://www.orderchamp.com/nl/marketplace/home-living?filters=new-brands","","https://www.orderchamp.com/nl/store/studio-patato/home-living"
"1663706968-770","https://www.orderchamp.com/nl/marketplace/home-living?filters=new-brands","","https://www.orderchamp.com/nl/store/alakok/home-living"
"1663706968-771","https://www.orderchamp.com/nl/marketplace/home-living?filters=new-brands","","https://www.orderchamp.com/nl/store/Wallibex/home-living"
"1663706968-772","https://www.orderchamp.com/nl/marketplace/home-living?filters=new-brands","","https://www.orderchamp.com/nl/store/we-sit-up/home-living"
"1663706968-773","https://www.orderchamp.com/nl/marketplace/home-living?filters=new-brands","","https://www.orderchamp.com/nl/store/fatih-ozturk/home-living"
"1663706968-774","https://www.orderchamp.com/nl/marketplace/home-living?filters=new-brands","","https://www.orderchamp.com/nl/store/merve-ozdemir/home-living"
"1663706968-775","https://www.orderchamp.com/nl/marketplace/home-living?filters=new-brands","","https://www.orderchamp.com/nl/store/hookup-pillow/home-living"
"1663706968-776","https://www.orderchamp.com/nl/marketplace/home-living?filters=new-brands","","https://www.orderchamp.com/nl/store/el-crea-design/home-living"
"1663706968-777","https://www.orderchamp.com/nl/marketplace/home-living?filters=new-brands","","https://www.orderchamp.com/nl/store/jujuandbalim/home-living"
"1663706968-778","https://www.orderchamp.com/nl/marketplace/home-living?filters=new-brands","","https://www.orderchamp.com/nl/store/pemy-store/home-living"
"1663706968-779","https://www.orderchamp.com/nl/marketplace/home-living?filters=new-brands","","https://www.orderchamp.com/nl/store/jujuandbalim/home-living"
"1663706968-780","https://www.orderchamp.com/nl/marketplace/home-living?filters=new-brands","","https://www.orderchamp.com/nl/store/pemy-store/home-living"
"1663706968-781","https://www.orderchamp.com/nl/marketplace/home-living?filters=new-brands","","https://www.orderchamp.com/nl/store/Funky%20Felt/home-living"
"1663706968-782","https://www.orderchamp.com/nl/marketplace/home-living?filters=new-brands","","https://www.orderchamp.com/nl/store/Vintage%20Stadskaart/home-living"
"1663706968-783","https://www.orderchamp.com/nl/marketplace/home-living?filters=new-brands","","https://www.orderchamp.com/nl/store/freegreen-gmbh/home-living"
