,web-scraper-order,web-scraper-start-url,Paginator,productPage,productPage-href,instagramHandles
0,1648112832-119,https://www.faire.com/category/All%20Products?filters=maker_value%3Amade_in_netherlands%2Csorting%3Ascore_desc,https://www.faire.com/category/All%20Products?filters=maker_value%3Amade_in_netherlands%2Csorting%3Ascore_desc&page=7,Brandthout.,https://www.faire.com/brand/b_xdcszzp8uv?refC=All%20Products&refF=maker_value%3Amade_in_netherlands&sortingHint=true,@brandthout_interior
1,1648112847-163,https://www.faire.com/category/All%20Products?filters=maker_value%3Amade_in_netherlands%2Csorting%3Ascore_desc,https://www.faire.com/category/All%20Products?filters=maker_value%3Amade_in_netherlands%2Csorting%3Ascore_desc&page=10,Haruco-vert,https://www.faire.com/brand/b_kk7ubjrfck?refC=All%20Products&refF=maker_value%3Amade_in_netherlands&sortingHint=true,@Haruco.vert
2,1648112808-35,https://www.faire.com/category/All%20Products?filters=maker_value%3Amade_in_netherlands%2Csorting%3Ascore_desc,https://www.faire.com/category/All%20Products?filters=maker_value%3Amade_in_netherlands%2Csorting%3Ascore_desc&page=2,Art in Maps,https://www.faire.com/brand/b_da0w6wk5qf?refC=All%20Products&refF=maker_value%3Amade_in_netherlands&sortingHint=true,@kunstinkaart.nl
3,1648112847-171,https://www.faire.com/category/All%20Products?filters=maker_value%3Amade_in_netherlands%2Csorting%3Ascore_desc,https://www.faire.com/category/All%20Products?filters=maker_value%3Amade_in_netherlands%2Csorting%3Ascore_desc&page=10,Joy Kitchen,https://www.faire.com/brand/b_t9kq92cw4x?refC=All%20Products&refF=maker_value%3Amade_in_netherlands&sortingHint=true,@joykitchen.shop
4,1648112856-207,https://www.faire.com/category/All%20Products?filters=maker_value%3Amade_in_netherlands%2Csorting%3Ascore_desc,https://www.faire.com/category/All%20Products?filters=maker_value%3Amade_in_netherlands%2Csorting%3Ascore_desc&page=12,Fantt cuttingboard,https://www.faire.com/brand/b_k8gydaqjn9?refC=All%20Products&refF=maker_value%3Amade_in_netherlands&sortingHint=true,@fantt
5,1648112813-48,https://www.faire.com/category/All%20Products?filters=maker_value%3Amade_in_netherlands%2Csorting%3Ascore_desc,https://www.faire.com/category/All%20Products?filters=maker_value%3Amade_in_netherlands%2Csorting%3Ascore_desc&page=3,Earth Elements,https://www.faire.com/brand/b_5s5628td3g?refC=All%20Products&refF=maker_value%3Amade_in_netherlands&sortingHint=true,@earthelementsNL
6,1648112851-184,https://www.faire.com/category/All%20Products?filters=maker_value%3Amade_in_netherlands%2Csorting%3Ascore_desc,https://www.faire.com/category/All%20Products?filters=maker_value%3Amade_in_netherlands%2Csorting%3Ascore_desc&page=11,KarTent,https://www.faire.com/brand/b_76ftpsc6h3?refC=All%20Products&refF=maker_value%3Amade_in_netherlands&sortingHint=true,@kartent_webshop
7,1648112842-151,https://www.faire.com/category/All%20Products?filters=maker_value%3Amade_in_netherlands%2Csorting%3Ascore_desc,https://www.faire.com/category/All%20Products?filters=maker_value%3Amade_in_netherlands%2Csorting%3Ascore_desc&page=9,Peterspecials,https://www.faire.com/brand/b_9u824pvrtb?refC=All%20Products&refF=maker_value%3Amade_in_netherlands&sortingHint=true,@peterspecials
8,1648112837-143,https://www.faire.com/category/All%20Products?filters=maker_value%3Amade_in_netherlands%2Csorting%3Ascore_desc,https://www.faire.com/category/All%20Products?filters=maker_value%3Amade_in_netherlands%2Csorting%3Ascore_desc&page=8,Afroditi's Art,https://www.faire.com/brand/b_hdxuycnaq3?refC=All%20Products&refF=maker_value%3Amade_in_netherlands&sortingHint=true,@afroditisart
9,1648112851-188,https://www.faire.com/category/All%20Products?filters=maker_value%3Amade_in_netherlands%2Csorting%3Ascore_desc,https://www.faire.com/category/All%20Products?filters=maker_value%3Amade_in_netherlands%2Csorting%3Ascore_desc&page=11,TEXTAP B.V.,https://www.faire.com/brand/b_5jfymhr3zx?refC=All%20Products&refF=maker_value%3Amade_in_netherlands&sortingHint=true,@textapbedtextiel
10,1648112842-148,https://www.faire.com/category/All%20Products?filters=maker_value%3Amade_in_netherlands%2Csorting%3Ascore_desc,https://www.faire.com/category/All%20Products?filters=maker_value%3Amade_in_netherlands%2Csorting%3Ascore_desc&page=9,Vinoos,https://www.faire.com/brand/b_9x8erem6q7?refC=All%20Products&refF=maker_value%3Amade_in_netherlands&sortingHint=true,@therealwinegum
11,1648112813-37,https://www.faire.com/category/All%20Products?filters=maker_value%3Amade_in_netherlands%2Csorting%3Ascore_desc,https://www.faire.com/category/All%20Products?filters=maker_value%3Amade_in_netherlands%2Csorting%3Ascore_desc&page=3,Micastricas,https://www.faire.com/brand/b_7i90p09by8?refC=All%20Products&refF=maker_value%3Amade_in_netherlands&sortingHint=true,@micastricas
12,1648112813-54,https://www.faire.com/category/All%20Products?filters=maker_value%3Amade_in_netherlands%2Csorting%3Ascore_desc,https://www.faire.com/category/All%20Products?filters=maker_value%3Amade_in_netherlands%2Csorting%3Ascore_desc&page=3,Cloudberries,https://www.faire.com/brand/b_azzhzssj37?refC=All%20Products&refF=maker_value%3Amade_in_netherlands&sortingHint=true,@cloudberriesofficial
13,1648112856-201,https://www.faire.com/category/All%20Products?filters=maker_value%3Amade_in_netherlands%2Csorting%3Ascore_desc,https://www.faire.com/category/All%20Products?filters=maker_value%3Amade_in_netherlands%2Csorting%3Ascore_desc&page=12,Bakselz. & Borrelz. B.V.,https://www.faire.com/brand/b_h63chd3b9r?refC=All%20Products&refF=maker_value%3Amade_in_netherlands&sortingHint=true,no handle found
14,1648112851-198,https://www.faire.com/category/All%20Products?filters=maker_value%3Amade_in_netherlands%2Csorting%3Ascore_desc,https://www.faire.com/category/All%20Products?filters=maker_value%3Amade_in_netherlands%2Csorting%3Ascore_desc&page=11,Undercover Otter,https://www.faire.com/brand/b_e7afr5p64s?refC=All%20Products&refF=maker_value%3Amade_in_netherlands&sortingHint=true,@undercover_otter
15,1648112808-22,https://www.faire.com/category/All%20Products?filters=maker_value%3Amade_in_netherlands%2Csorting%3Ascore_desc,https://www.faire.com/category/All%20Products?filters=maker_value%3Amade_in_netherlands%2Csorting%3Ascore_desc&page=2,Het Muizenhuis,https://www.faire.com/brand/b_5527oja1zz?refC=All%20Products&refF=maker_value%3Amade_in_netherlands&sortingHint=true,@hetmuizenhuis
16,1648112837-142,https://www.faire.com/category/All%20Products?filters=maker_value%3Amade_in_netherlands%2Csorting%3Ascore_desc,https://www.faire.com/category/All%20Products?filters=maker_value%3Amade_in_netherlands%2Csorting%3Ascore_desc&page=8,Lorense,https://www.faire.com/brand/b_ua8rtbfkcb?refC=All%20Products&refF=maker_value%3Amade_in_netherlands&sortingHint=true,@Lorense_brand
17,1648112828-93,https://www.faire.com/category/All%20Products?filters=maker_value%3Amade_in_netherlands%2Csorting%3Ascore_desc,https://www.faire.com/category/All%20Products?filters=maker_value%3Amade_in_netherlands%2Csorting%3Ascore_desc&page=6,Rollin' Rainbows,https://www.faire.com/brand/b_qvpyn6rnze?refC=All%20Products&refF=maker_value%3Amade_in_netherlands&sortingHint=true,@rollinrainbows
18,1648112856-212,https://www.faire.com/category/All%20Products?filters=maker_value%3Amade_in_netherlands%2Csorting%3Ascore_desc,https://www.faire.com/category/All%20Products?filters=maker_value%3Amade_in_netherlands%2Csorting%3Ascore_desc&page=12,Deluxo,https://www.faire.com/brand/b_rj6b88dt47?refC=All%20Products&refF=maker_value%3Amade_in_netherlands&sortingHint=true,@www.instagram.com
19,1648112822-76,https://www.faire.com/category/All%20Products?filters=maker_value%3Amade_in_netherlands%2Csorting%3Ascore_desc,https://www.faire.com/category/All%20Products?filters=maker_value%3Amade_in_netherlands%2Csorting%3Ascore_desc&page=5,Kats Kalma,https://www.faire.com/brand/b_w5q8ynyerp?refC=All%20Products&refF=maker_value%3Amade_in_netherlands&sortingHint=true,@katskalma
20,1648112808-28,https://www.faire.com/category/All%20Products?filters=maker_value%3Amade_in_netherlands%2Csorting%3Ascore_desc,https://www.faire.com/category/All%20Products?filters=maker_value%3Amade_in_netherlands%2Csorting%3Ascore_desc&page=2,Veldmanbags,https://www.faire.com/brand/b_72ipmu60is?refC=All%20Products&refF=maker_value%3Amade_in_netherlands&sortingHint=true,no handle found
21,1648112804-5,https://www.faire.com/category/All%20Products?filters=maker_value%3Amade_in_netherlands%2Csorting%3Ascore_desc,,Sunny Lifestyle,https://www.faire.com/brand/b_hj7ynfe8sc?refC=All%20Products&refF=maker_value%3Amade_in_netherlands&sortingHint=true,@sunny.lifestyle
22,1648112856-211,https://www.faire.com/category/All%20Products?filters=maker_value%3Amade_in_netherlands%2Csorting%3Ascore_desc,https://www.faire.com/category/All%20Products?filters=maker_value%3Amade_in_netherlands%2Csorting%3Ascore_desc&page=12,Botaniqe,https://www.faire.com/brand/b_3j845dar9w?refC=All%20Products&refF=maker_value%3Amade_in_netherlands&sortingHint=true,@Hello.botaniqe
23,1648112866-243,https://www.faire.com/category/All%20Products?filters=maker_value%3Amade_in_netherlands%2Csorting%3Ascore_desc,https://www.faire.com/category/All%20Products?filters=maker_value%3Amade_in_netherlands%2Csorting%3Ascore_desc&page=14,The House of Opulence,https://www.faire.com/brand/b_6aszqnkku9?refC=All%20Products&refF=maker_value%3Amade_in_netherlands&sortingHint=true,@thehouseofopulence
24,1648112861-225,https://www.faire.com/category/All%20Products?filters=maker_value%3Amade_in_netherlands%2Csorting%3Ascore_desc,https://www.faire.com/category/All%20Products?filters=maker_value%3Amade_in_netherlands%2Csorting%3Ascore_desc&page=13,Studio Tekst & Tekening,https://www.faire.com/brand/b_n2yesruz3n?refC=All%20Products&refF=maker_value%3Amade_in_netherlands&sortingHint=true,@studiotekstentekening
25,1648112847-164,https://www.faire.com/category/All%20Products?filters=maker_value%3Amade_in_netherlands%2Csorting%3Ascore_desc,https://www.faire.com/category/All%20Products?filters=maker_value%3Amade_in_netherlands%2Csorting%3Ascore_desc&page=10,surajee,https://www.faire.com/brand/b_6af2tmbz5k?refC=All%20Products&refF=maker_value%3Amade_in_netherlands&sortingHint=true,@surajee
26,1648112851-181,https://www.faire.com/category/All%20Products?filters=maker_value%3Amade_in_netherlands%2Csorting%3Ascore_desc,https://www.faire.com/category/All%20Products?filters=maker_value%3Amade_in_netherlands%2Csorting%3Ascore_desc&page=11,SallyJaneBridal,https://www.faire.com/brand/b_39qpf29mg7?refC=All%20Products&refF=maker_value%3Amade_in_netherlands&sortingHint=true,@sallyjanebridal
27,1648112804-8,https://www.faire.com/category/All%20Products?filters=maker_value%3Amade_in_netherlands%2Csorting%3Ascore_desc,,LUTUM Creations,https://www.faire.com/brand/b_9sesbnv53m?refC=All%20Products&refF=maker_value%3Amade_in_netherlands&sortingHint=true,@lutumcreations
28,1648112856-204,https://www.faire.com/category/All%20Products?filters=maker_value%3Amade_in_netherlands%2Csorting%3Ascore_desc,https://www.faire.com/category/All%20Products?filters=maker_value%3Amade_in_netherlands%2Csorting%3Ascore_desc&page=12,MEUQ DESIGN,https://www.faire.com/brand/b_s9hydvgpj6?refC=All%20Products&refF=maker_value%3Amade_in_netherlands&sortingHint=true,no handle found
29,1648112847-175,https://www.faire.com/category/All%20Products?filters=maker_value%3Amade_in_netherlands%2Csorting%3Ascore_desc,https://www.faire.com/category/All%20Products?filters=maker_value%3Amade_in_netherlands%2Csorting%3Ascore_desc&page=10,Mister33 Womencare,https://www.faire.com/brand/b_un42eh9xhe?refC=All%20Products&refF=maker_value%3Amade_in_netherlands&sortingHint=true,no handle found
30,1648112828-108,https://www.faire.com/category/All%20Products?filters=maker_value%3Amade_in_netherlands%2Csorting%3Ascore_desc,https://www.faire.com/category/All%20Products?filters=maker_value%3Amade_in_netherlands%2Csorting%3Ascore_desc&page=6,Hairdicted,https://www.faire.com/brand/b_kcnvf7gpgt?refC=All%20Products&refF=maker_value%3Amade_in_netherlands&sortingHint=true,@hairdicted.nl
31,1648112837-127,https://www.faire.com/category/All%20Products?filters=maker_value%3Amade_in_netherlands%2Csorting%3Ascore_desc,https://www.faire.com/category/All%20Products?filters=maker_value%3Amade_in_netherlands%2Csorting%3Ascore_desc&page=8,Cici’De Jewelry Amsterdam,https://www.faire.com/brand/b_pypw64c7zf?refC=All%20Products&refF=maker_value%3Amade_in_netherlands&sortingHint=true,@cicidejewelryams
32,1648112851-191,https://www.faire.com/category/All%20Products?filters=maker_value%3Amade_in_netherlands%2Csorting%3Ascore_desc,https://www.faire.com/category/All%20Products?filters=maker_value%3Amade_in_netherlands%2Csorting%3Ascore_desc&page=11,Art of Xodosch,https://www.faire.com/brand/b_jx5k4hcap8?refC=All%20Products&refF=maker_value%3Amade_in_netherlands&sortingHint=true,@artofxodosch
33,1648112837-136,https://www.faire.com/category/All%20Products?filters=maker_value%3Amade_in_netherlands%2Csorting%3Ascore_desc,https://www.faire.com/category/All%20Products?filters=maker_value%3Amade_in_netherlands%2Csorting%3Ascore_desc&page=8,Lovefromme,https://www.faire.com/brand/b_jrycnqsbqm?refC=All%20Products&refF=maker_value%3Amade_in_netherlands&sortingHint=true,@lovefromme.ie
34,1648112808-20,https://www.faire.com/category/All%20Products?filters=maker_value%3Amade_in_netherlands%2Csorting%3Ascore_desc,https://www.faire.com/category/All%20Products?filters=maker_value%3Amade_in_netherlands%2Csorting%3Ascore_desc&page=2,VARILY,https://www.faire.com/brand/b_8xvas5p7jg?refC=All%20Products&refF=maker_value%3Amade_in_netherlands&sortingHint=true,@varily_jewelry
35,1648112822-78,https://www.faire.com/category/All%20Products?filters=maker_value%3Amade_in_netherlands%2Csorting%3Ascore_desc,https://www.faire.com/category/All%20Products?filters=maker_value%3Amade_in_netherlands%2Csorting%3Ascore_desc&page=5,Studio Roem,https://www.faire.com/brand/b_djvkntmeqy?refC=All%20Products&refF=maker_value%3Amade_in_netherlands&sortingHint=true,@studio_roem
36,1648112861-219,https://www.faire.com/category/All%20Products?filters=maker_value%3Amade_in_netherlands%2Csorting%3Ascore_desc,https://www.faire.com/category/All%20Products?filters=maker_value%3Amade_in_netherlands%2Csorting%3Ascore_desc&page=13,merlin earrings,https://www.faire.com/brand/b_p77j7cznfg?refC=All%20Products&refF=maker_value%3Amade_in_netherlands&sortingHint=true,@merlinearrings
37,1648112813-44,https://www.faire.com/category/All%20Products?filters=maker_value%3Amade_in_netherlands%2Csorting%3Ascore_desc,https://www.faire.com/category/All%20Products?filters=maker_value%3Amade_in_netherlands%2Csorting%3Ascore_desc&page=3,Ellastiek,https://www.faire.com/brand/b_4nh0wmhu9u?refC=All%20Products&refF=maker_value%3Amade_in_netherlands&sortingHint=true,@Ellastiek.Amsterdam
38,1648112832-116,https://www.faire.com/category/All%20Products?filters=maker_value%3Amade_in_netherlands%2Csorting%3Ascore_desc,https://www.faire.com/category/All%20Products?filters=maker_value%3Amade_in_netherlands%2Csorting%3Ascore_desc&page=7,WIJNPAAL,https://www.faire.com/brand/b_tssy7et8x5?refC=All%20Products&refF=maker_value%3Amade_in_netherlands&sortingHint=true,@wijnpaal
39,1648112847-170,https://www.faire.com/category/All%20Products?filters=maker_value%3Amade_in_netherlands%2Csorting%3Ascore_desc,https://www.faire.com/category/All%20Products?filters=maker_value%3Amade_in_netherlands%2Csorting%3Ascore_desc&page=10,Beau Accessoires,https://www.faire.com/brand/b_gvq4dvtjj2?refC=All%20Products&refF=maker_value%3Amade_in_netherlands&sortingHint=true,@melany_beau_
40,1648112866-250,https://www.faire.com/category/All%20Products?filters=maker_value%3Amade_in_netherlands%2Csorting%3Ascore_desc,https://www.faire.com/category/All%20Products?filters=maker_value%3Amade_in_netherlands%2Csorting%3Ascore_desc&page=14,Suncova Jewellery,https://www.faire.com/brand/b_jq8ukkgw4s?refC=All%20Products&refF=maker_value%3Amade_in_netherlands&sortingHint=true,@suncovajewellery
41,1648112822-89,https://www.faire.com/category/All%20Products?filters=maker_value%3Amade_in_netherlands%2Csorting%3Ascore_desc,https://www.faire.com/category/All%20Products?filters=maker_value%3Amade_in_netherlands%2Csorting%3Ascore_desc&page=5,Ratatouille Creative Studio,https://www.faire.com/brand/b_k34bhvg7zt?refC=All%20Products&refF=maker_value%3Amade_in_netherlands&sortingHint=true,@boutiqueratatouille
42,1648112808-27,https://www.faire.com/category/All%20Products?filters=maker_value%3Amade_in_netherlands%2Csorting%3Ascore_desc,https://www.faire.com/category/All%20Products?filters=maker_value%3Amade_in_netherlands%2Csorting%3Ascore_desc&page=2,Studio Inktvis,https://www.faire.com/brand/b_9x89z6bt3e?refC=All%20Products&refF=maker_value%3Amade_in_netherlands&sortingHint=true,@Studio_inktvis
43,1648112847-165,https://www.faire.com/category/All%20Products?filters=maker_value%3Amade_in_netherlands%2Csorting%3Ascore_desc,https://www.faire.com/category/All%20Products?filters=maker_value%3Amade_in_netherlands%2Csorting%3Ascore_desc&page=10,Wallified,https://www.faire.com/brand/b_qyppjxn9jm?refC=All%20Products&refF=maker_value%3Amade_in_netherlands&sortingHint=true,no handle found
44,1648112804-10,https://www.faire.com/category/All%20Products?filters=maker_value%3Amade_in_netherlands%2Csorting%3Ascore_desc,,STUDIO.DAI,https://www.faire.com/brand/b_dtd8tgud86?refC=All%20Products&refF=maker_value%3Amade_in_netherlands&sortingHint=true,@studiodai
45,1648112861-226,https://www.faire.com/category/All%20Products?filters=maker_value%3Amade_in_netherlands%2Csorting%3Ascore_desc,https://www.faire.com/category/All%20Products?filters=maker_value%3Amade_in_netherlands%2Csorting%3Ascore_desc&page=13,PartyCap,https://www.faire.com/brand/b_gdsbzqsves?refC=All%20Products&refF=maker_value%3Amade_in_netherlands&sortingHint=true,no handle found
46,1648112817-62,https://www.faire.com/category/All%20Products?filters=maker_value%3Amade_in_netherlands%2Csorting%3Ascore_desc,https://www.faire.com/category/All%20Products?filters=maker_value%3Amade_in_netherlands%2Csorting%3Ascore_desc&page=4,PJ,https://www.faire.com/brand/b_6mkmjyue5h?refC=All%20Products&refF=maker_value%3Amade_in_netherlands&sortingHint=true,@Atelierbludd
47,1648112842-162,https://www.faire.com/category/All%20Products?filters=maker_value%3Amade_in_netherlands%2Csorting%3Ascore_desc,https://www.faire.com/category/All%20Products?filters=maker_value%3Amade_in_netherlands%2Csorting%3Ascore_desc&page=9,Colibries,https://www.faire.com/brand/b_hxfznc3dsp?refC=All%20Products&refF=maker_value%3Amade_in_netherlands&sortingHint=true,@colibriespaperbags
48,1648112866-251,https://www.faire.com/category/All%20Products?filters=maker_value%3Amade_in_netherlands%2Csorting%3Ascore_desc,https://www.faire.com/category/All%20Products?filters=maker_value%3Amade_in_netherlands%2Csorting%3Ascore_desc&page=14,Profigeschenkpapier,https://www.faire.com/brand/b_cuye2s4abu?refC=All%20Products&refF=maker_value%3Amade_in_netherlands&sortingHint=true,no handle found
49,1648112842-155,https://www.faire.com/category/All%20Products?filters=maker_value%3Amade_in_netherlands%2Csorting%3Ascore_desc,https://www.faire.com/category/All%20Products?filters=maker_value%3Amade_in_netherlands%2Csorting%3Ascore_desc&page=9,AFRAAMBA · Handmade Jewelry,https://www.faire.com/brand/b_n47eb9rfbg?refC=All%20Products&refF=maker_value%3Amade_in_netherlands&sortingHint=true,@afraamba
50,1648112861-229,https://www.faire.com/category/All%20Products?filters=maker_value%3Amade_in_netherlands%2Csorting%3Ascore_desc,https://www.faire.com/category/All%20Products?filters=maker_value%3Amade_in_netherlands%2Csorting%3Ascore_desc&page=13,WILDENBERG,https://www.faire.com/brand/b_gp4cwck64y?refC=All%20Products&refF=maker_value%3Amade_in_netherlands&sortingHint=true,@www.instagram.com
51,1648112813-40,https://www.faire.com/category/All%20Products?filters=maker_value%3Amade_in_netherlands%2Csorting%3Ascore_desc,https://www.faire.com/category/All%20Products?filters=maker_value%3Amade_in_netherlands%2Csorting%3Ascore_desc&page=3,Pawness,https://www.faire.com/brand/b_6gfrh56v5z?refC=All%20Products&refF=maker_value%3Amade_in_netherlands&sortingHint=true,@pawness_dog_essential
52,1648112842-146,https://www.faire.com/category/All%20Products?filters=maker_value%3Amade_in_netherlands%2Csorting%3Ascore_desc,https://www.faire.com/category/All%20Products?filters=maker_value%3Amade_in_netherlands%2Csorting%3Ascore_desc&page=9,A'lure Scents,https://www.faire.com/brand/b_bs7msquxxu?refC=All%20Products&refF=maker_value%3Amade_in_netherlands&sortingHint=true,@alure.scents
53,1648112856-203,https://www.faire.com/category/All%20Products?filters=maker_value%3Amade_in_netherlands%2Csorting%3Ascore_desc,https://www.faire.com/category/All%20Products?filters=maker_value%3Amade_in_netherlands%2Csorting%3Ascore_desc&page=12,Rauw Beton Design,https://www.faire.com/brand/b_s98946sb5x?refC=All%20Products&refF=maker_value%3Amade_in_netherlands&sortingHint=true,@www.instagram.com
54,1648112832-126,https://www.faire.com/category/All%20Products?filters=maker_value%3Amade_in_netherlands%2Csorting%3Ascore_desc,https://www.faire.com/category/All%20Products?filters=maker_value%3Amade_in_netherlands%2Csorting%3Ascore_desc&page=7,Join the Pipe,https://www.faire.com/brand/b_b4kra6fkzb?refC=All%20Products&refF=maker_value%3Amade_in_netherlands&sortingHint=true,@jointhepipe_eu
55,1648112842-160,https://www.faire.com/category/All%20Products?filters=maker_value%3Amade_in_netherlands%2Csorting%3Ascore_desc,https://www.faire.com/category/All%20Products?filters=maker_value%3Amade_in_netherlands%2Csorting%3Ascore_desc&page=9,Blue Monday Coffee,https://www.faire.com/brand/b_bj6w37bjyh?refC=All%20Products&refF=maker_value%3Amade_in_netherlands&sortingHint=true,@blue.monday.coffee
56,1648112817-66,https://www.faire.com/category/All%20Products?filters=maker_value%3Amade_in_netherlands%2Csorting%3Ascore_desc,https://www.faire.com/category/All%20Products?filters=maker_value%3Amade_in_netherlands%2Csorting%3Ascore_desc&page=4,BeeCure R,https://www.faire.com/brand/b_6x87wnr0bj?refC=All%20Products&refF=maker_value%3Amade_in_netherlands&sortingHint=true,no handle found
57,1648112813-53,https://www.faire.com/category/All%20Products?filters=maker_value%3Amade_in_netherlands%2Csorting%3Ascore_desc,https://www.faire.com/category/All%20Products?filters=maker_value%3Amade_in_netherlands%2Csorting%3Ascore_desc&page=3,Queen Scrunchie,https://www.faire.com/brand/b_6vi05ee18s?refC=All%20Products&refF=maker_value%3Amade_in_netherlands&sortingHint=true,@queenscrunchie
58,1648112842-157,https://www.faire.com/category/All%20Products?filters=maker_value%3Amade_in_netherlands%2Csorting%3Ascore_desc,https://www.faire.com/category/All%20Products?filters=maker_value%3Amade_in_netherlands%2Csorting%3Ascore_desc&page=9,Eagle Supply,https://www.faire.com/brand/b_ghgksnbmeu?refC=All%20Products&refF=maker_value%3Amade_in_netherlands&sortingHint=true,@eaglesupply
59,1648112808-23,https://www.faire.com/category/All%20Products?filters=maker_value%3Amade_in_netherlands%2Csorting%3Ascore_desc,https://www.faire.com/category/All%20Products?filters=maker_value%3Amade_in_netherlands%2Csorting%3Ascore_desc&page=2,Wellmark,https://www.faire.com/brand/b_cyj7xj4m8h?refC=All%20Products&refF=maker_value%3Amade_in_netherlands&sortingHint=true,@Wellmark.nl
60,1648112828-97,https://www.faire.com/category/All%20Products?filters=maker_value%3Amade_in_netherlands%2Csorting%3Ascore_desc,https://www.faire.com/category/All%20Products?filters=maker_value%3Amade_in_netherlands%2Csorting%3Ascore_desc&page=6,Pompelmoes,https://www.faire.com/brand/b_3n27qpngye?refC=All%20Products&refF=maker_value%3Amade_in_netherlands&sortingHint=true,@pompelmoes_kids
61,1648112842-152,https://www.faire.com/category/All%20Products?filters=maker_value%3Amade_in_netherlands%2Csorting%3Ascore_desc,https://www.faire.com/category/All%20Products?filters=maker_value%3Amade_in_netherlands%2Csorting%3Ascore_desc&page=9,Arrigo,https://www.faire.com/brand/b_btu6yjez8e?refC=All%20Products&refF=maker_value%3Amade_in_netherlands&sortingHint=true,no handle found
62,1648112808-19,https://www.faire.com/category/All%20Products?filters=maker_value%3Amade_in_netherlands%2Csorting%3Ascore_desc,https://www.faire.com/category/All%20Products?filters=maker_value%3Amade_in_netherlands%2Csorting%3Ascore_desc&page=2,Tinne+Mia,https://www.faire.com/brand/b_ckno4fm0h5?refC=All%20Products&refF=maker_value%3Amade_in_netherlands&sortingHint=true,@tinneandmia
63,1648112817-55,https://www.faire.com/category/All%20Products?filters=maker_value%3Amade_in_netherlands%2Csorting%3Ascore_desc,https://www.faire.com/category/All%20Products?filters=maker_value%3Amade_in_netherlands%2Csorting%3Ascore_desc&page=4,Palais Sustainable Luxury,https://www.faire.com/brand/b_9break3phl?refC=All%20Products&refF=maker_value%3Amade_in_netherlands&sortingHint=true,@Palais
64,1648112804-11,https://www.faire.com/category/All%20Products?filters=maker_value%3Amade_in_netherlands%2Csorting%3Ascore_desc,,UC Natural,https://www.faire.com/brand/b_pmsg6xsa9j?refC=All%20Products&refF=maker_value%3Amade_in_netherlands&sortingHint=true,@ucnatural
65,1648112851-192,https://www.faire.com/category/All%20Products?filters=maker_value%3Amade_in_netherlands%2Csorting%3Ascore_desc,https://www.faire.com/category/All%20Products?filters=maker_value%3Amade_in_netherlands%2Csorting%3Ascore_desc&page=11,Rozzey,https://www.faire.com/brand/b_cepdh6g832?refC=All%20Products&refF=maker_value%3Amade_in_netherlands&sortingHint=true,no handle found
66,1648112866-238,https://www.faire.com/category/All%20Products?filters=maker_value%3Amade_in_netherlands%2Csorting%3Ascore_desc,https://www.faire.com/category/All%20Products?filters=maker_value%3Amade_in_netherlands%2Csorting%3Ascore_desc&page=14,by Lauren Amsterdam,https://www.faire.com/brand/b_6200rwjzcd?refC=All%20Products&refF=maker_value%3Amade_in_netherlands&sortingHint=true,@bylaurenamsterdam
67,1648112842-153,https://www.faire.com/category/All%20Products?filters=maker_value%3Amade_in_netherlands%2Csorting%3Ascore_desc,https://www.faire.com/category/All%20Products?filters=maker_value%3Amade_in_netherlands%2Csorting%3Ascore_desc&page=9,PAU,https://www.faire.com/brand/b_kbny5vzgvx?refC=All%20Products&refF=maker_value%3Amade_in_netherlands&sortingHint=true,@pau_design_
68,1648112832-114,https://www.faire.com/category/All%20Products?filters=maker_value%3Amade_in_netherlands%2Csorting%3Ascore_desc,https://www.faire.com/category/All%20Products?filters=maker_value%3Amade_in_netherlands%2Csorting%3Ascore_desc&page=7,Walljar.com,https://www.faire.com/brand/b_qgz4y8kzyf?refC=All%20Products&refF=maker_value%3Amade_in_netherlands&sortingHint=true,@walljar_official
69,1648112866-242,https://www.faire.com/category/All%20Products?filters=maker_value%3Amade_in_netherlands%2Csorting%3Ascore_desc,https://www.faire.com/category/All%20Products?filters=maker_value%3Amade_in_netherlands%2Csorting%3Ascore_desc&page=14,Furnitec Systems,https://www.faire.com/brand/b_vstxejk5sa?refC=All%20Products&refF=maker_value%3Amade_in_netherlands&sortingHint=true,no handle found
70,1648112866-252,https://www.faire.com/category/All%20Products?filters=maker_value%3Amade_in_netherlands%2Csorting%3Ascore_desc,https://www.faire.com/category/All%20Products?filters=maker_value%3Amade_in_netherlands%2Csorting%3Ascore_desc&page=14,PARK LiFE,https://www.faire.com/brand/b_582s242z7c?refC=All%20Products&refF=maker_value%3Amade_in_netherlands&sortingHint=true,@parklife.dog
71,1648112861-222,https://www.faire.com/category/All%20Products?filters=maker_value%3Amade_in_netherlands%2Csorting%3Ascore_desc,https://www.faire.com/category/All%20Products?filters=maker_value%3Amade_in_netherlands%2Csorting%3Ascore_desc&page=13,Ibizi Dogs,https://www.faire.com/brand/b_ay5rydfhhd?refC=All%20Products&refF=maker_value%3Amade_in_netherlands&sortingHint=true,no handle found
72,1648112832-123,https://www.faire.com/category/All%20Products?filters=maker_value%3Amade_in_netherlands%2Csorting%3Ascore_desc,https://www.faire.com/category/All%20Products?filters=maker_value%3Amade_in_netherlands%2Csorting%3Ascore_desc&page=7,Kalina,https://www.faire.com/brand/b_6ub39bbym4?refC=All%20Products&refF=maker_value%3Amade_in_netherlands&sortingHint=true,@kalinastore.eu
73,1648112828-99,https://www.faire.com/category/All%20Products?filters=maker_value%3Amade_in_netherlands%2Csorting%3Ascore_desc,https://www.faire.com/category/All%20Products?filters=maker_value%3Amade_in_netherlands%2Csorting%3Ascore_desc&page=6,IKONIC,https://www.faire.com/brand/b_bmv8x5kbxu?refC=All%20Products&refF=maker_value%3Amade_in_netherlands&sortingHint=true,@ikonic__design
74,1648112828-98,https://www.faire.com/category/All%20Products?filters=maker_value%3Amade_in_netherlands%2Csorting%3Ascore_desc,https://www.faire.com/category/All%20Products?filters=maker_value%3Amade_in_netherlands%2Csorting%3Ascore_desc&page=6,In A Flash,https://www.faire.com/brand/b_24z79uxgkv?refC=All%20Products&refF=maker_value%3Amade_in_netherlands&sortingHint=true,@in_a_flashcard
75,1648112861-218,https://www.faire.com/category/All%20Products?filters=maker_value%3Amade_in_netherlands%2Csorting%3Ascore_desc,https://www.faire.com/category/All%20Products?filters=maker_value%3Amade_in_netherlands%2Csorting%3Ascore_desc&page=13,SUPP24,https://www.faire.com/brand/b_neb7p383ah?refC=All%20Products&refF=maker_value%3Amade_in_netherlands&sortingHint=true,@supp24_lifestyle
76,1648112847-174,https://www.faire.com/category/All%20Products?filters=maker_value%3Amade_in_netherlands%2Csorting%3Ascore_desc,https://www.faire.com/category/All%20Products?filters=maker_value%3Amade_in_netherlands%2Csorting%3Ascore_desc&page=10,Mr. Maté,https://www.faire.com/brand/b_4rpmuwzptx?refC=All%20Products&refF=maker_value%3Amade_in_netherlands&sortingHint=true,@mistermate
77,1648112856-209,https://www.faire.com/category/All%20Products?filters=maker_value%3Amade_in_netherlands%2Csorting%3Ascore_desc,https://www.faire.com/category/All%20Products?filters=maker_value%3Amade_in_netherlands%2Csorting%3Ascore_desc&page=12,P&G Bracelets,https://www.faire.com/brand/b_hbnjh4p9ct?refC=All%20Products&refF=maker_value%3Amade_in_netherlands&sortingHint=true,no handle found
78,1648112817-72,https://www.faire.com/category/All%20Products?filters=maker_value%3Amade_in_netherlands%2Csorting%3Ascore_desc,https://www.faire.com/category/All%20Products?filters=maker_value%3Amade_in_netherlands%2Csorting%3Ascore_desc&page=4,Rock your world,https://www.faire.com/brand/b_9p3z55yajz?refC=All%20Products&refF=maker_value%3Amade_in_netherlands&sortingHint=true,@rockyourworld.ryw
79,1648112822-85,https://www.faire.com/category/All%20Products?filters=maker_value%3Amade_in_netherlands%2Csorting%3Ascore_desc,https://www.faire.com/category/All%20Products?filters=maker_value%3Amade_in_netherlands%2Csorting%3Ascore_desc&page=5,Studio Mabelle,https://www.faire.com/brand/b_s7vaahuyfq?refC=All%20Products&refF=maker_value%3Amade_in_netherlands&sortingHint=true,@studiomabelle.nl
80,1648112822-87,https://www.faire.com/category/All%20Products?filters=maker_value%3Amade_in_netherlands%2Csorting%3Ascore_desc,https://www.faire.com/category/All%20Products?filters=maker_value%3Amade_in_netherlands%2Csorting%3Ascore_desc&page=5,May21,https://www.faire.com/brand/b_tyezwwjtw6?refC=All%20Products&refF=maker_value%3Amade_in_netherlands&sortingHint=true,@may21.handmadejewelry
81,1648112828-106,https://www.faire.com/category/All%20Products?filters=maker_value%3Amade_in_netherlands%2Csorting%3Ascore_desc,https://www.faire.com/category/All%20Products?filters=maker_value%3Amade_in_netherlands%2Csorting%3Ascore_desc&page=6,Greatceramics,https://www.faire.com/brand/b_ytwxdmypzh?refC=All%20Products&refF=maker_value%3Amade_in_netherlands&sortingHint=true,@greatceramics
82,1648112804-18,https://www.faire.com/category/All%20Products?filters=maker_value%3Amade_in_netherlands%2Csorting%3Ascore_desc,,Creative Lab Amsterdam,https://www.faire.com/brand/b_3bfvohqaf6?refC=All%20Products&refF=maker_value%3Amade_in_netherlands&sortingHint=true,no handle found
83,1648112861-234,https://www.faire.com/category/All%20Products?filters=maker_value%3Amade_in_netherlands%2Csorting%3Ascore_desc,https://www.faire.com/category/All%20Products?filters=maker_value%3Amade_in_netherlands%2Csorting%3Ascore_desc&page=13,Sweet Sea Desserts,https://www.faire.com/brand/b_cxjmzp5uch?refC=All%20Products&refF=maker_value%3Amade_in_netherlands&sortingHint=true,@sweetsea.desserts
84,1648112813-41,https://www.faire.com/category/All%20Products?filters=maker_value%3Amade_in_netherlands%2Csorting%3Ascore_desc,https://www.faire.com/category/All%20Products?filters=maker_value%3Amade_in_netherlands%2Csorting%3Ascore_desc&page=3,Mookstories,https://www.faire.com/brand/b_2mmq3c3ikw?refC=All%20Products&refF=maker_value%3Amade_in_netherlands&sortingHint=true,@mook_stories
85,1648112822-88,https://www.faire.com/category/All%20Products?filters=maker_value%3Amade_in_netherlands%2Csorting%3Ascore_desc,https://www.faire.com/category/All%20Products?filters=maker_value%3Amade_in_netherlands%2Csorting%3Ascore_desc&page=5,Cupplement,https://www.faire.com/brand/b_mny9brx2hy?refC=All%20Products&refF=maker_value%3Amade_in_netherlands&sortingHint=true,@cupplement
86,1648112856-216,https://www.faire.com/category/All%20Products?filters=maker_value%3Amade_in_netherlands%2Csorting%3Ascore_desc,https://www.faire.com/category/All%20Products?filters=maker_value%3Amade_in_netherlands%2Csorting%3Ascore_desc&page=12,GS Imperial®,https://www.faire.com/brand/b_5up4vzh62b?refC=All%20Products&refF=maker_value%3Amade_in_netherlands&sortingHint=true,@Gsimperial_nl
87,1648112851-186,https://www.faire.com/category/All%20Products?filters=maker_value%3Amade_in_netherlands%2Csorting%3Ascore_desc,https://www.faire.com/category/All%20Products?filters=maker_value%3Amade_in_netherlands%2Csorting%3Ascore_desc&page=11,Studio Carper,https://www.faire.com/brand/b_dztd5fqup4?refC=All%20Products&refF=maker_value%3Amade_in_netherlands&sortingHint=true,@studio.carper
88,1648112832-118,https://www.faire.com/category/All%20Products?filters=maker_value%3Amade_in_netherlands%2Csorting%3Ascore_desc,https://www.faire.com/category/All%20Products?filters=maker_value%3Amade_in_netherlands%2Csorting%3Ascore_desc&page=7,ADC Eindhoven,https://www.faire.com/brand/b_e5whn7h7uw?refC=All%20Products&refF=maker_value%3Amade_in_netherlands&sortingHint=true,@adcnlwholesale
89,1648112856-208,https://www.faire.com/category/All%20Products?filters=maker_value%3Amade_in_netherlands%2Csorting%3Ascore_desc,https://www.faire.com/category/All%20Products?filters=maker_value%3Amade_in_netherlands%2Csorting%3Ascore_desc&page=12,Mashona Collections,https://www.faire.com/brand/b_f7yb9e5dwv?refC=All%20Products&refF=maker_value%3Amade_in_netherlands&sortingHint=true,@mashona_collections
90,1648112828-100,https://www.faire.com/category/All%20Products?filters=maker_value%3Amade_in_netherlands%2Csorting%3Ascore_desc,https://www.faire.com/category/All%20Products?filters=maker_value%3Amade_in_netherlands%2Csorting%3Ascore_desc&page=6,Waardevol Thuis,https://www.faire.com/brand/b_zwp84xhx4b?refC=All%20Products&refF=maker_value%3Amade_in_netherlands&sortingHint=true,@waardevol_thuis
91,1648112842-145,https://www.faire.com/category/All%20Products?filters=maker_value%3Amade_in_netherlands%2Csorting%3Ascore_desc,https://www.faire.com/category/All%20Products?filters=maker_value%3Amade_in_netherlands%2Csorting%3Ascore_desc&page=9,Moozle,https://www.faire.com/brand/b_6shzuzy3me?refC=All%20Products&refF=maker_value%3Amade_in_netherlands&sortingHint=true,@moozlehome
92,1648112861-220,https://www.faire.com/category/All%20Products?filters=maker_value%3Amade_in_netherlands%2Csorting%3Ascore_desc,https://www.faire.com/category/All%20Products?filters=maker_value%3Amade_in_netherlands%2Csorting%3Ascore_desc&page=13,Candle Time,https://www.faire.com/brand/b_qz6senw7bw?refC=All%20Products&refF=maker_value%3Amade_in_netherlands&sortingHint=true,@candletime.nl
93,1648112847-173,https://www.faire.com/category/All%20Products?filters=maker_value%3Amade_in_netherlands%2Csorting%3Ascore_desc,https://www.faire.com/category/All%20Products?filters=maker_value%3Amade_in_netherlands%2Csorting%3Ascore_desc&page=10,Wanderschoon,https://www.faire.com/brand/b_nmc2vgv44s?refC=All%20Products&refF=maker_value%3Amade_in_netherlands&sortingHint=true,@wanderschoon
94,1648112822-83,https://www.faire.com/category/All%20Products?filters=maker_value%3Amade_in_netherlands%2Csorting%3Ascore_desc,https://www.faire.com/category/All%20Products?filters=maker_value%3Amade_in_netherlands%2Csorting%3Ascore_desc&page=5,indy & noa,https://www.faire.com/brand/b_bywbq4ccwm?refC=All%20Products&refF=maker_value%3Amade_in_netherlands&sortingHint=true,@indyandnoa
95,1648112832-125,https://www.faire.com/category/All%20Products?filters=maker_value%3Amade_in_netherlands%2Csorting%3Ascore_desc,https://www.faire.com/category/All%20Products?filters=maker_value%3Amade_in_netherlands%2Csorting%3Ascore_desc&page=7,HappySoaps,https://www.faire.com/brand/b_k6v42vjkxp?refC=All%20Products&refF=maker_value%3Amade_in_netherlands&sortingHint=true,@thehappysoaps
96,1648112822-74,https://www.faire.com/category/All%20Products?filters=maker_value%3Amade_in_netherlands%2Csorting%3Ascore_desc,https://www.faire.com/category/All%20Products?filters=maker_value%3Amade_in_netherlands%2Csorting%3Ascore_desc&page=5,su.sana superfood,https://www.faire.com/brand/b_5geerdmzzd?refC=All%20Products&refF=maker_value%3Amade_in_netherlands&sortingHint=true,@su.sana.superfood
97,1648112851-185,https://www.faire.com/category/All%20Products?filters=maker_value%3Amade_in_netherlands%2Csorting%3Ascore_desc,https://www.faire.com/category/All%20Products?filters=maker_value%3Amade_in_netherlands%2Csorting%3Ascore_desc&page=11,Canndle,https://www.faire.com/brand/b_284hd9xfsm?refC=All%20Products&refF=maker_value%3Amade_in_netherlands&sortingHint=true,@canndle_shop
98,1648112822-73,https://www.faire.com/category/All%20Products?filters=maker_value%3Amade_in_netherlands%2Csorting%3Ascore_desc,https://www.faire.com/category/All%20Products?filters=maker_value%3Amade_in_netherlands%2Csorting%3Ascore_desc&page=5,siemz,https://www.faire.com/brand/b_hmrxwavzqk?refC=All%20Products&refF=maker_value%3Amade_in_netherlands&sortingHint=true,@siemz_com
99,1648112804-4,https://www.faire.com/category/All%20Products?filters=maker_value%3Amade_in_netherlands%2Csorting%3Ascore_desc,,Royal T-Stick,https://www.faire.com/brand/b_t4pvghhaup?refC=All%20Products&refF=maker_value%3Amade_in_netherlands&sortingHint=true,@coffeeteastick
100,1648112866-237,https://www.faire.com/category/All%20Products?filters=maker_value%3Amade_in_netherlands%2Csorting%3Ascore_desc,https://www.faire.com/category/All%20Products?filters=maker_value%3Amade_in_netherlands%2Csorting%3Ascore_desc&page=14,Love Ibiza,https://www.faire.com/brand/b_azsy62co16?refC=All%20Products&refF=maker_value%3Amade_in_netherlands&sortingHint=true,@loveibizanl
101,1648112804-13,https://www.faire.com/category/All%20Products?filters=maker_value%3Amade_in_netherlands%2Csorting%3Ascore_desc,,MYRTE,https://www.faire.com/brand/b_cdiw2mdw?refC=All%20Products&refF=maker_value%3Amade_in_netherlands&sortingHint=true,@lovemyrte
102,1648112851-189,https://www.faire.com/category/All%20Products?filters=maker_value%3Amade_in_netherlands%2Csorting%3Ascore_desc,https://www.faire.com/category/All%20Products?filters=maker_value%3Amade_in_netherlands%2Csorting%3Ascore_desc&page=11,CAFÉ PAU BRASIL,https://www.faire.com/brand/b_5wfm4utkg6?refC=All%20Products&refF=maker_value%3Amade_in_netherlands&sortingHint=true,@cafe_pau_brasil
103,1648112847-177,https://www.faire.com/category/All%20Products?filters=maker_value%3Amade_in_netherlands%2Csorting%3Ascore_desc,https://www.faire.com/category/All%20Products?filters=maker_value%3Amade_in_netherlands%2Csorting%3Ascore_desc&page=10,Babongo,https://www.faire.com/brand/b_bv9zmvyzkj?refC=All%20Products&refF=maker_value%3Amade_in_netherlands&sortingHint=true,@babongo
104,1648112832-111,https://www.faire.com/category/All%20Products?filters=maker_value%3Amade_in_netherlands%2Csorting%3Ascore_desc,https://www.faire.com/category/All%20Products?filters=maker_value%3Amade_in_netherlands%2Csorting%3Ascore_desc&page=7,Anna Pure,https://www.faire.com/brand/b_pa6p923q4p?refC=All%20Products&refF=maker_value%3Amade_in_netherlands&sortingHint=true,@annapure.nl
105,1648112828-103,https://www.faire.com/category/All%20Products?filters=maker_value%3Amade_in_netherlands%2Csorting%3Ascore_desc,https://www.faire.com/category/All%20Products?filters=maker_value%3Amade_in_netherlands%2Csorting%3Ascore_desc&page=6,BINK Bedding,https://www.faire.com/brand/b_bzjc7gfzgt?refC=All%20Products&refF=maker_value%3Amade_in_netherlands&sortingHint=true,@binkbedding
106,1648112804-9,https://www.faire.com/category/All%20Products?filters=maker_value%3Amade_in_netherlands%2Csorting%3Ascore_desc,,By Bobbie,https://www.faire.com/brand/b_qb2acsgxgx?refC=All%20Products&refF=maker_value%3Amade_in_netherlands&sortingHint=true,@bybobbie_
107,1648112837-137,https://www.faire.com/category/All%20Products?filters=maker_value%3Amade_in_netherlands%2Csorting%3Ascore_desc,https://www.faire.com/category/All%20Products?filters=maker_value%3Amade_in_netherlands%2Csorting%3Ascore_desc&page=8,fiid,https://www.faire.com/brand/b_v6t2vq8pm4?refC=All%20Products&refF=maker_value%3Amade_in_netherlands&sortingHint=true,@eatfiid
108,1648112808-30,https://www.faire.com/category/All%20Products?filters=maker_value%3Amade_in_netherlands%2Csorting%3Ascore_desc,https://www.faire.com/category/All%20Products?filters=maker_value%3Amade_in_netherlands%2Csorting%3Ascore_desc&page=2,MAGIC Bodyfashion,https://www.faire.com/brand/b_4j7c0vqyj0?refC=All%20Products&refF=maker_value%3Amade_in_netherlands&sortingHint=true,@magicbodyfashionbv
109,1648112837-132,https://www.faire.com/category/All%20Products?filters=maker_value%3Amade_in_netherlands%2Csorting%3Ascore_desc,https://www.faire.com/category/All%20Products?filters=maker_value%3Amade_in_netherlands%2Csorting%3Ascore_desc&page=8,Bibs kids,https://www.faire.com/brand/b_56xmshcqfp?refC=All%20Products&refF=maker_value%3Amade_in_netherlands&sortingHint=true,@www.instagram.com
110,1648112804-17,https://www.faire.com/category/All%20Products?filters=maker_value%3Amade_in_netherlands%2Csorting%3Ascore_desc,,TOET Store,https://www.faire.com/brand/b_4wesg27app?refC=All%20Products&refF=maker_value%3Amade_in_netherlands&sortingHint=true,@toetstore
111,1648112832-112,https://www.faire.com/category/All%20Products?filters=maker_value%3Amade_in_netherlands%2Csorting%3Ascore_desc,https://www.faire.com/category/All%20Products?filters=maker_value%3Amade_in_netherlands%2Csorting%3Ascore_desc&page=7,SMPL,https://www.faire.com/brand/b_mg6p96cbp2?refC=All%20Products&refF=maker_value%3Amade_in_netherlands&sortingHint=true,no handle found
112,1648112851-182,https://www.faire.com/category/All%20Products?filters=maker_value%3Amade_in_netherlands%2Csorting%3Ascore_desc,https://www.faire.com/category/All%20Products?filters=maker_value%3Amade_in_netherlands%2Csorting%3Ascore_desc&page=11,Babywoods,https://www.faire.com/brand/b_g3j8wkskwy?refC=All%20Products&refF=maker_value%3Amade_in_netherlands&sortingHint=true,@babywoods_wandcommode
113,1648112861-232,https://www.faire.com/category/All%20Products?filters=maker_value%3Amade_in_netherlands%2Csorting%3Ascore_desc,https://www.faire.com/category/All%20Products?filters=maker_value%3Amade_in_netherlands%2Csorting%3Ascore_desc&page=13,TextTim.nl,https://www.faire.com/brand/b_2v6dk9abj2?refC=All%20Products&refF=maker_value%3Amade_in_netherlands&sortingHint=true,no handle found
114,1648112861-228,https://www.faire.com/category/All%20Products?filters=maker_value%3Amade_in_netherlands%2Csorting%3Ascore_desc,https://www.faire.com/category/All%20Products?filters=maker_value%3Amade_in_netherlands%2Csorting%3Ascore_desc&page=13,Happy Trails,https://www.faire.com/brand/b_8ydxzy7jsk?refC=All%20Products&refF=maker_value%3Amade_in_netherlands&sortingHint=true,@my.happytrails
115,1648112828-105,https://www.faire.com/category/All%20Products?filters=maker_value%3Amade_in_netherlands%2Csorting%3Ascore_desc,https://www.faire.com/category/All%20Products?filters=maker_value%3Amade_in_netherlands%2Csorting%3Ascore_desc&page=6,BaroQco,https://www.faire.com/brand/b_33sw3ss4mk?refC=All%20Products&refF=maker_value%3Amade_in_netherlands&sortingHint=true,@BAROQCOJEWELRY
116,1648112828-92,https://www.faire.com/category/All%20Products?filters=maker_value%3Amade_in_netherlands%2Csorting%3Ascore_desc,https://www.faire.com/category/All%20Products?filters=maker_value%3Amade_in_netherlands%2Csorting%3Ascore_desc&page=6,Jbfashion,https://www.faire.com/brand/b_g44bgqxy4g?refC=All%20Products&refF=maker_value%3Amade_in_netherlands&sortingHint=true,@Jb7810
117,1648112856-210,https://www.faire.com/category/All%20Products?filters=maker_value%3Amade_in_netherlands%2Csorting%3Ascore_desc,https://www.faire.com/category/All%20Products?filters=maker_value%3Amade_in_netherlands%2Csorting%3Ascore_desc&page=12,Betere producten,https://www.faire.com/brand/b_9t3mt8gddh?refC=All%20Products&refF=maker_value%3Amade_in_netherlands&sortingHint=true,@www.instagram.com
118,1648112851-187,https://www.faire.com/category/All%20Products?filters=maker_value%3Amade_in_netherlands%2Csorting%3Ascore_desc,https://www.faire.com/category/All%20Products?filters=maker_value%3Amade_in_netherlands%2Csorting%3Ascore_desc&page=11,curve and you,https://www.faire.com/brand/b_9m6qur2y5p?refC=All%20Products&refF=maker_value%3Amade_in_netherlands&sortingHint=true,@www.instagram.com
119,1648112808-21,https://www.faire.com/category/All%20Products?filters=maker_value%3Amade_in_netherlands%2Csorting%3Ascore_desc,https://www.faire.com/category/All%20Products?filters=maker_value%3Amade_in_netherlands%2Csorting%3Ascore_desc&page=2,Yours Naturally,https://www.faire.com/brand/b_1p2hqkro77?refC=All%20Products&refF=maker_value%3Amade_in_netherlands&sortingHint=true,@yoursnaturallynl
120,1648112842-158,https://www.faire.com/category/All%20Products?filters=maker_value%3Amade_in_netherlands%2Csorting%3Ascore_desc,https://www.faire.com/category/All%20Products?filters=maker_value%3Amade_in_netherlands%2Csorting%3Ascore_desc&page=9,Een blik vol ontwikkeling,https://www.faire.com/brand/b_b5w78c7s9s?refC=All%20Products&refF=maker_value%3Amade_in_netherlands&sortingHint=true,@eenblikvolontwikkeling
121,1648112842-156,https://www.faire.com/category/All%20Products?filters=maker_value%3Amade_in_netherlands%2Csorting%3Ascore_desc,https://www.faire.com/category/All%20Products?filters=maker_value%3Amade_in_netherlands%2Csorting%3Ascore_desc&page=9,Farzin Kavaji,https://www.faire.com/brand/b_85366atkfy?refC=All%20Products&refF=maker_value%3Amade_in_netherlands&sortingHint=true,@farzinkavaji
122,1648112832-117,https://www.faire.com/category/All%20Products?filters=maker_value%3Amade_in_netherlands%2Csorting%3Ascore_desc,https://www.faire.com/category/All%20Products?filters=maker_value%3Amade_in_netherlands%2Csorting%3Ascore_desc&page=7,Comme Ça Skincare,https://www.faire.com/brand/b_ug476bvcpn?refC=All%20Products&refF=maker_value%3Amade_in_netherlands&sortingHint=true,@www.instagram.com
123,1648112822-81,https://www.faire.com/category/All%20Products?filters=maker_value%3Amade_in_netherlands%2Csorting%3Ascore_desc,https://www.faire.com/category/All%20Products?filters=maker_value%3Amade_in_netherlands%2Csorting%3Ascore_desc&page=5,All Things We Like,https://www.faire.com/brand/b_4hqpwcpu37?refC=All%20Products&refF=maker_value%3Amade_in_netherlands&sortingHint=true,@all_things_we_like
124,1648112837-141,https://www.faire.com/category/All%20Products?filters=maker_value%3Amade_in_netherlands%2Csorting%3Ascore_desc,https://www.faire.com/category/All%20Products?filters=maker_value%3Amade_in_netherlands%2Csorting%3Ascore_desc&page=8,Travelfy.art,https://www.faire.com/brand/b_35yaq2ax9u?refC=All%20Products&refF=maker_value%3Amade_in_netherlands&sortingHint=true,@travelfy.art
125,1648112804-6,https://www.faire.com/category/All%20Products?filters=maker_value%3Amade_in_netherlands%2Csorting%3Ascore_desc,,&anne,https://www.faire.com/brand/b_5xfjklj2kz?refC=All%20Products&refF=maker_value%3Amade_in_netherlands&sortingHint=true,@andannehello
126,1648112856-213,https://www.faire.com/category/All%20Products?filters=maker_value%3Amade_in_netherlands%2Csorting%3Ascore_desc,https://www.faire.com/category/All%20Products?filters=maker_value%3Amade_in_netherlands%2Csorting%3Ascore_desc&page=12,GULA DOG CARE,https://www.faire.com/brand/b_zv523x67am?refC=All%20Products&refF=maker_value%3Amade_in_netherlands&sortingHint=true,@www.instagram.com
127,1648112828-91,https://www.faire.com/category/All%20Products?filters=maker_value%3Amade_in_netherlands%2Csorting%3Ascore_desc,https://www.faire.com/category/All%20Products?filters=maker_value%3Amade_in_netherlands%2Csorting%3Ascore_desc&page=6,Xapron,https://www.faire.com/brand/b_2ay3fcz5mw?refC=All%20Products&refF=maker_value%3Amade_in_netherlands&sortingHint=true,@xapron.nl
128,1648112847-176,https://www.faire.com/category/All%20Products?filters=maker_value%3Amade_in_netherlands%2Csorting%3Ascore_desc,https://www.faire.com/category/All%20Products?filters=maker_value%3Amade_in_netherlands%2Csorting%3Ascore_desc&page=10,Eufrasia Jewels,https://www.faire.com/brand/b_3psbwq28sw?refC=All%20Products&refF=maker_value%3Amade_in_netherlands&sortingHint=true,@eufrasiajewels
129,1648112822-90,https://www.faire.com/category/All%20Products?filters=maker_value%3Amade_in_netherlands%2Csorting%3Ascore_desc,https://www.faire.com/category/All%20Products?filters=maker_value%3Amade_in_netherlands%2Csorting%3Ascore_desc&page=5,Vuna Coffee Rituals,https://www.faire.com/brand/b_jq2vxyak63?refC=All%20Products&refF=maker_value%3Amade_in_netherlands&sortingHint=true,@vunacoffeerituals
130,1648112847-179,https://www.faire.com/category/All%20Products?filters=maker_value%3Amade_in_netherlands%2Csorting%3Ascore_desc,https://www.faire.com/category/All%20Products?filters=maker_value%3Amade_in_netherlands%2Csorting%3Ascore_desc&page=10,Hardicraft,https://www.faire.com/brand/b_8sy6etp5t7?refC=All%20Products&refF=maker_value%3Amade_in_netherlands&sortingHint=true,@hardicraft
131,1648112817-70,https://www.faire.com/category/All%20Products?filters=maker_value%3Amade_in_netherlands%2Csorting%3Ascore_desc,https://www.faire.com/category/All%20Products?filters=maker_value%3Amade_in_netherlands%2Csorting%3Ascore_desc&page=4,El Jefe Hot Sauce,https://www.faire.com/brand/b_av4db52mp5?refC=All%20Products&refF=maker_value%3Amade_in_netherlands&sortingHint=true,@eljefeprimosalsa
132,1648112842-159,https://www.faire.com/category/All%20Products?filters=maker_value%3Amade_in_netherlands%2Csorting%3Ascore_desc,https://www.faire.com/category/All%20Products?filters=maker_value%3Amade_in_netherlands%2Csorting%3Ascore_desc&page=9,Olivier,https://www.faire.com/brand/b_ywduuhdfdq?refC=All%20Products&refF=maker_value%3Amade_in_netherlands&sortingHint=true,no handle found
133,1648112866-247,https://www.faire.com/category/All%20Products?filters=maker_value%3Amade_in_netherlands%2Csorting%3Ascore_desc,https://www.faire.com/category/All%20Products?filters=maker_value%3Amade_in_netherlands%2Csorting%3Ascore_desc&page=14,Elevate Rope,https://www.faire.com/brand/b_zezjww8973?refC=All%20Products&refF=maker_value%3Amade_in_netherlands&sortingHint=true,@geraldo.alken
134,1648112847-167,https://www.faire.com/category/All%20Products?filters=maker_value%3Amade_in_netherlands%2Csorting%3Ascore_desc,https://www.faire.com/category/All%20Products?filters=maker_value%3Amade_in_netherlands%2Csorting%3Ascore_desc&page=10,Riqueza,https://www.faire.com/brand/b_sacmqckvg8?refC=All%20Products&refF=maker_value%3Amade_in_netherlands&sortingHint=true,@riqueza_cosmetics
135,1648112861-223,https://www.faire.com/category/All%20Products?filters=maker_value%3Amade_in_netherlands%2Csorting%3Ascore_desc,https://www.faire.com/category/All%20Products?filters=maker_value%3Amade_in_netherlands%2Csorting%3Ascore_desc&page=13,Toffe Peren,https://www.faire.com/brand/b_qvphnueq2j?refC=All%20Products&refF=maker_value%3Amade_in_netherlands&sortingHint=true,@www.instagram.com
136,1648112847-166,https://www.faire.com/category/All%20Products?filters=maker_value%3Amade_in_netherlands%2Csorting%3Ascore_desc,https://www.faire.com/category/All%20Products?filters=maker_value%3Amade_in_netherlands%2Csorting%3Ascore_desc&page=10,Martita's Creation,https://www.faire.com/brand/b_vdv7abn5k2?refC=All%20Products&refF=maker_value%3Amade_in_netherlands&sortingHint=true,@martitascreation
137,1648112822-86,https://www.faire.com/category/All%20Products?filters=maker_value%3Amade_in_netherlands%2Csorting%3Ascore_desc,https://www.faire.com/category/All%20Products?filters=maker_value%3Amade_in_netherlands%2Csorting%3Ascore_desc&page=5,Beezonder,https://www.faire.com/brand/b_8guu5ajzwc?refC=All%20Products&refF=maker_value%3Amade_in_netherlands&sortingHint=true,@beezonder
138,1648112861-217,https://www.faire.com/category/All%20Products?filters=maker_value%3Amade_in_netherlands%2Csorting%3Ascore_desc,https://www.faire.com/category/All%20Products?filters=maker_value%3Amade_in_netherlands%2Csorting%3Ascore_desc&page=13,Tooday,https://www.faire.com/brand/b_bdeueq6e4q?refC=All%20Products&refF=maker_value%3Amade_in_netherlands&sortingHint=true,@tooday_nl
139,1648112808-36,https://www.faire.com/category/All%20Products?filters=maker_value%3Amade_in_netherlands%2Csorting%3Ascore_desc,https://www.faire.com/category/All%20Products?filters=maker_value%3Amade_in_netherlands%2Csorting%3Ascore_desc&page=2,Wooden Amsterdam,https://www.faire.com/brand/b_4vua0mjdsb?refC=All%20Products&refF=maker_value%3Amade_in_netherlands&sortingHint=true,@wooden_amsterdam
140,1648112817-69,https://www.faire.com/category/All%20Products?filters=maker_value%3Amade_in_netherlands%2Csorting%3Ascore_desc,https://www.faire.com/category/All%20Products?filters=maker_value%3Amade_in_netherlands%2Csorting%3Ascore_desc&page=4,Hektik.cc,https://www.faire.com/brand/b_f38odi14ly?refC=All%20Products&refF=maker_value%3Amade_in_netherlands&sortingHint=true,@hektikcc
141,1648112817-63,https://www.faire.com/category/All%20Products?filters=maker_value%3Amade_in_netherlands%2Csorting%3Ascore_desc,https://www.faire.com/category/All%20Products?filters=maker_value%3Amade_in_netherlands%2Csorting%3Ascore_desc&page=4,Eiland Sieraden,https://www.faire.com/brand/b_jajts7gr4g?refC=All%20Products&refF=maker_value%3Amade_in_netherlands&sortingHint=true,@www.instagram.com
142,1648112851-193,https://www.faire.com/category/All%20Products?filters=maker_value%3Amade_in_netherlands%2Csorting%3Ascore_desc,https://www.faire.com/category/All%20Products?filters=maker_value%3Amade_in_netherlands%2Csorting%3Ascore_desc&page=11,Happinesz,https://www.faire.com/brand/b_5g7az2t6h9?refC=All%20Products&refF=maker_value%3Amade_in_netherlands&sortingHint=true,@happinesz2
143,1648112866-241,https://www.faire.com/category/All%20Products?filters=maker_value%3Amade_in_netherlands%2Csorting%3Ascore_desc,https://www.faire.com/category/All%20Products?filters=maker_value%3Amade_in_netherlands%2Csorting%3Ascore_desc&page=14,BELLA BARKLEY,https://www.faire.com/brand/b_xkt6sadfkj?refC=All%20Products&refF=maker_value%3Amade_in_netherlands&sortingHint=true,@bella_barkley_collars
144,1648112817-59,https://www.faire.com/category/All%20Products?filters=maker_value%3Amade_in_netherlands%2Csorting%3Ascore_desc,https://www.faire.com/category/All%20Products?filters=maker_value%3Amade_in_netherlands%2Csorting%3Ascore_desc&page=4,TINAsSewingStudio,https://www.faire.com/brand/b_cjnozzbxhj?refC=All%20Products&refF=maker_value%3Amade_in_netherlands&sortingHint=true,no handle found
145,1648112808-24,https://www.faire.com/category/All%20Products?filters=maker_value%3Amade_in_netherlands%2Csorting%3Ascore_desc,https://www.faire.com/category/All%20Products?filters=maker_value%3Amade_in_netherlands%2Csorting%3Ascore_desc&page=2,Waytoplay Toys,https://www.faire.com/brand/b_700c0kqddd?refC=All%20Products&refF=maker_value%3Amade_in_netherlands&sortingHint=true,@waytoplaytoys
146,1648112813-47,https://www.faire.com/category/All%20Products?filters=maker_value%3Amade_in_netherlands%2Csorting%3Ascore_desc,https://www.faire.com/category/All%20Products?filters=maker_value%3Amade_in_netherlands%2Csorting%3Ascore_desc&page=3,IMYOGI,https://www.faire.com/brand/b_c6el0trsvb?refC=All%20Products&refF=maker_value%3Amade_in_netherlands&sortingHint=true,@imyogi.kids
147,1648112851-196,https://www.faire.com/category/All%20Products?filters=maker_value%3Amade_in_netherlands%2Csorting%3Ascore_desc,https://www.faire.com/category/All%20Products?filters=maker_value%3Amade_in_netherlands%2Csorting%3Ascore_desc&page=11,Purovitalis,https://www.faire.com/brand/b_ws58vchcr9?refC=All%20Products&refF=maker_value%3Amade_in_netherlands&sortingHint=true,no handle found
148,1648112861-227,https://www.faire.com/category/All%20Products?filters=maker_value%3Amade_in_netherlands%2Csorting%3Ascore_desc,https://www.faire.com/category/All%20Products?filters=maker_value%3Amade_in_netherlands%2Csorting%3Ascore_desc&page=13,Yu Elements,https://www.faire.com/brand/b_g7vm6fjj9y?refC=All%20Products&refF=maker_value%3Amade_in_netherlands&sortingHint=true,@yu_elements_
149,1648112822-79,https://www.faire.com/category/All%20Products?filters=maker_value%3Amade_in_netherlands%2Csorting%3Ascore_desc,https://www.faire.com/category/All%20Products?filters=maker_value%3Amade_in_netherlands%2Csorting%3Ascore_desc&page=5,Roseah Studio,https://www.faire.com/brand/b_dtjayvuvjn?refC=All%20Products&refF=maker_value%3Amade_in_netherlands&sortingHint=true,@RoseahStudio
150,1648112837-144,https://www.faire.com/category/All%20Products?filters=maker_value%3Amade_in_netherlands%2Csorting%3Ascore_desc,https://www.faire.com/category/All%20Products?filters=maker_value%3Amade_in_netherlands%2Csorting%3Ascore_desc&page=8,Sigil Stone Studio,https://www.faire.com/brand/b_8z4v7c7jze?refC=All%20Products&refF=maker_value%3Amade_in_netherlands&sortingHint=true,@sigilstonestudio
151,1648112804-3,https://www.faire.com/category/All%20Products?filters=maker_value%3Amade_in_netherlands%2Csorting%3Ascore_desc,,DUCETT,https://www.faire.com/brand/b_kdy3sf8dp8?refC=All%20Products&refF=maker_value%3Amade_in_netherlands&sortingHint=true,@ducettjewelry
152,1648112837-135,https://www.faire.com/category/All%20Products?filters=maker_value%3Amade_in_netherlands%2Csorting%3Ascore_desc,https://www.faire.com/category/All%20Products?filters=maker_value%3Amade_in_netherlands%2Csorting%3Ascore_desc&page=8,De Olde Kruyk,https://www.faire.com/brand/b_du4equygpv?refC=All%20Products&refF=maker_value%3Amade_in_netherlands&sortingHint=true,@deoldekruyk
153,1648112866-246,https://www.faire.com/category/All%20Products?filters=maker_value%3Amade_in_netherlands%2Csorting%3Ascore_desc,https://www.faire.com/category/All%20Products?filters=maker_value%3Amade_in_netherlands%2Csorting%3Ascore_desc&page=14,ZodiacGlamShop,https://www.faire.com/brand/b_gby9gvd9we?refC=All%20Products&refF=maker_value%3Amade_in_netherlands&sortingHint=true,@zodiacglamshop
154,1648112866-249,https://www.faire.com/category/All%20Products?filters=maker_value%3Amade_in_netherlands%2Csorting%3Ascore_desc,https://www.faire.com/category/All%20Products?filters=maker_value%3Amade_in_netherlands%2Csorting%3Ascore_desc&page=14,Patricia Bos designs,https://www.faire.com/brand/b_v4dcwnd32f?refC=All%20Products&refF=maker_value%3Amade_in_netherlands&sortingHint=true,@patriciabosdesigns
155,1648112832-110,https://www.faire.com/category/All%20Products?filters=maker_value%3Amade_in_netherlands%2Csorting%3Ascore_desc,https://www.faire.com/category/All%20Products?filters=maker_value%3Amade_in_netherlands%2Csorting%3Ascore_desc&page=7,Silly Goose,https://www.faire.com/brand/b_z3nvmh7kb4?refC=All%20Products&refF=maker_value%3Amade_in_netherlands&sortingHint=true,@sillygoose.illustraties
156,1648112808-29,https://www.faire.com/category/All%20Products?filters=maker_value%3Amade_in_netherlands%2Csorting%3Ascore_desc,https://www.faire.com/category/All%20Products?filters=maker_value%3Amade_in_netherlands%2Csorting%3Ascore_desc&page=2,Berben Design,https://www.faire.com/brand/b_byx19hdrwz?refC=All%20Products&refF=maker_value%3Amade_in_netherlands&sortingHint=true,@berbendesign
157,1648112832-120,https://www.faire.com/category/All%20Products?filters=maker_value%3Amade_in_netherlands%2Csorting%3Ascore_desc,https://www.faire.com/category/All%20Products?filters=maker_value%3Amade_in_netherlands%2Csorting%3Ascore_desc&page=7,Graphecx,https://www.faire.com/brand/b_yxf8h3ary4?refC=All%20Products&refF=maker_value%3Amade_in_netherlands&sortingHint=true,@graphecx
158,1648112851-195,https://www.faire.com/category/All%20Products?filters=maker_value%3Amade_in_netherlands%2Csorting%3Ascore_desc,https://www.faire.com/category/All%20Products?filters=maker_value%3Amade_in_netherlands%2Csorting%3Ascore_desc&page=11,Stella Luna Arte,https://www.faire.com/brand/b_knq68qjbmg?refC=All%20Products&refF=maker_value%3Amade_in_netherlands&sortingHint=true,@stellalunaarte
159,1648112817-58,https://www.faire.com/category/All%20Products?filters=maker_value%3Amade_in_netherlands%2Csorting%3Ascore_desc,https://www.faire.com/category/All%20Products?filters=maker_value%3Amade_in_netherlands%2Csorting%3Ascore_desc&page=4,Studio Soph,https://www.faire.com/brand/b_f2sifb6on1?refC=All%20Products&refF=maker_value%3Amade_in_netherlands&sortingHint=true,@studiosophh
160,1648112837-134,https://www.faire.com/category/All%20Products?filters=maker_value%3Amade_in_netherlands%2Csorting%3Ascore_desc,https://www.faire.com/category/All%20Products?filters=maker_value%3Amade_in_netherlands%2Csorting%3Ascore_desc&page=8,Heketa,https://www.faire.com/brand/b_h9h7ytyy3x?refC=All%20Products&refF=maker_value%3Amade_in_netherlands&sortingHint=true,@Heketa.nl
161,1648112837-138,https://www.faire.com/category/All%20Products?filters=maker_value%3Amade_in_netherlands%2Csorting%3Ascore_desc,https://www.faire.com/category/All%20Products?filters=maker_value%3Amade_in_netherlands%2Csorting%3Ascore_desc&page=8,Natural Heroes,https://www.faire.com/brand/b_989qwav3bn?refC=All%20Products&refF=maker_value%3Amade_in_netherlands&sortingHint=true,@naturalheroes
162,1648112851-197,https://www.faire.com/category/All%20Products?filters=maker_value%3Amade_in_netherlands%2Csorting%3Ascore_desc,https://www.faire.com/category/All%20Products?filters=maker_value%3Amade_in_netherlands%2Csorting%3Ascore_desc&page=11,DewyCreations,https://www.faire.com/brand/b_k4vs2qqxbx?refC=All%20Products&refF=maker_value%3Amade_in_netherlands&sortingHint=true,@dewycreations
163,1648112837-131,https://www.faire.com/category/All%20Products?filters=maker_value%3Amade_in_netherlands%2Csorting%3Ascore_desc,https://www.faire.com/category/All%20Products?filters=maker_value%3Amade_in_netherlands%2Csorting%3Ascore_desc&page=8,Candy Freaks,https://www.faire.com/brand/b_dttmfew99f?refC=All%20Products&refF=maker_value%3Amade_in_netherlands&sortingHint=true,@candy.freaks
164,1648112813-38,https://www.faire.com/category/All%20Products?filters=maker_value%3Amade_in_netherlands%2Csorting%3Ascore_desc,https://www.faire.com/category/All%20Products?filters=maker_value%3Amade_in_netherlands%2Csorting%3Ascore_desc&page=3,Senza Tempo,https://www.faire.com/brand/b_99ybtmycr2?refC=All%20Products&refF=maker_value%3Amade_in_netherlands&sortingHint=true,@shopsenzatempo
165,1648112822-84,https://www.faire.com/category/All%20Products?filters=maker_value%3Amade_in_netherlands%2Csorting%3Ascore_desc,https://www.faire.com/category/All%20Products?filters=maker_value%3Amade_in_netherlands%2Csorting%3Ascore_desc&page=5,KÖ Kind Düsseldorf,https://www.faire.com/brand/b_as5ahgcug7?refC=All%20Products&refF=maker_value%3Amade_in_netherlands&sortingHint=true,no handle found
166,1648112866-244,https://www.faire.com/category/All%20Products?filters=maker_value%3Amade_in_netherlands%2Csorting%3Ascore_desc,https://www.faire.com/category/All%20Products?filters=maker_value%3Amade_in_netherlands%2Csorting%3Ascore_desc&page=14,RELIX care,https://www.faire.com/brand/b_rf8f2nbf93?refC=All%20Products&refF=maker_value%3Amade_in_netherlands&sortingHint=true,@relix_care
167,1648112832-121,https://www.faire.com/category/All%20Products?filters=maker_value%3Amade_in_netherlands%2Csorting%3Ascore_desc,https://www.faire.com/category/All%20Products?filters=maker_value%3Amade_in_netherlands%2Csorting%3Ascore_desc&page=7,Dutch Tea Maestro,https://www.faire.com/brand/b_dbbhj99hdh?refC=All%20Products&refF=maker_value%3Amade_in_netherlands&sortingHint=true,@dutchteamaestro
168,1648112828-96,https://www.faire.com/category/All%20Products?filters=maker_value%3Amade_in_netherlands%2Csorting%3Ascore_desc,https://www.faire.com/category/All%20Products?filters=maker_value%3Amade_in_netherlands%2Csorting%3Ascore_desc&page=6,Lily-Flame,https://www.faire.com/brand/b_rgjsvdqaac?refC=All%20Products&refF=maker_value%3Amade_in_netherlands&sortingHint=true,@lilyflame_official
169,1648112817-68,https://www.faire.com/category/All%20Products?filters=maker_value%3Amade_in_netherlands%2Csorting%3Ascore_desc,https://www.faire.com/category/All%20Products?filters=maker_value%3Amade_in_netherlands%2Csorting%3Ascore_desc&page=4,Het Wol Feetje,https://www.faire.com/brand/b_5zojkt014q?refC=All%20Products&refF=maker_value%3Amade_in_netherlands&sortingHint=true,@het_wol_feetje
170,1648112832-113,https://www.faire.com/category/All%20Products?filters=maker_value%3Amade_in_netherlands%2Csorting%3Ascore_desc,https://www.faire.com/category/All%20Products?filters=maker_value%3Amade_in_netherlands%2Csorting%3Ascore_desc&page=7,Noot ~Swart,https://www.faire.com/brand/b_ssyz9wx5tt?refC=All%20Products&refF=maker_value%3Amade_in_netherlands&sortingHint=true,@www.instagram.com
171,1648112866-235,https://www.faire.com/category/All%20Products?filters=maker_value%3Amade_in_netherlands%2Csorting%3Ascore_desc,https://www.faire.com/category/All%20Products?filters=maker_value%3Amade_in_netherlands%2Csorting%3Ascore_desc&page=14,SARAMAH,https://www.faire.com/brand/b_tqq3645ae6?refC=All%20Products&refF=maker_value%3Amade_in_netherlands&sortingHint=true,no handle found
172,1648112866-248,https://www.faire.com/category/All%20Products?filters=maker_value%3Amade_in_netherlands%2Csorting%3Ascore_desc,https://www.faire.com/category/All%20Products?filters=maker_value%3Amade_in_netherlands%2Csorting%3Ascore_desc&page=14,My name is Sander Dekker,https://www.faire.com/brand/b_4f6g7hzwv4?refC=All%20Products&refF=maker_value%3Amade_in_netherlands&sortingHint=true,@iamsanderdekker
173,1648112842-150,https://www.faire.com/category/All%20Products?filters=maker_value%3Amade_in_netherlands%2Csorting%3Ascore_desc,https://www.faire.com/category/All%20Products?filters=maker_value%3Amade_in_netherlands%2Csorting%3Ascore_desc&page=9,Label Spruit,https://www.faire.com/brand/b_egv3jtyrds?refC=All%20Products&refF=maker_value%3Amade_in_netherlands&sortingHint=true,@label.spruit
174,1648112817-64,https://www.faire.com/category/All%20Products?filters=maker_value%3Amade_in_netherlands%2Csorting%3Ascore_desc,https://www.faire.com/category/All%20Products?filters=maker_value%3Amade_in_netherlands%2Csorting%3Ascore_desc&page=4,MAYLI Jewels,https://www.faire.com/brand/b_tg2z5uavd8?refC=All%20Products&refF=maker_value%3Amade_in_netherlands&sortingHint=true,@maylijewels
175,1648112847-180,https://www.faire.com/category/All%20Products?filters=maker_value%3Amade_in_netherlands%2Csorting%3Ascore_desc,https://www.faire.com/category/All%20Products?filters=maker_value%3Amade_in_netherlands%2Csorting%3Ascore_desc&page=10,Opticcolors,https://www.faire.com/brand/b_vyfv6tqknt?refC=All%20Products&refF=maker_value%3Amade_in_netherlands&sortingHint=true,@opticcolorslenses
176,1648112856-215,https://www.faire.com/category/All%20Products?filters=maker_value%3Amade_in_netherlands%2Csorting%3Ascore_desc,https://www.faire.com/category/All%20Products?filters=maker_value%3Amade_in_netherlands%2Csorting%3Ascore_desc&page=12,Mobile Stories,https://www.faire.com/brand/b_zskq4zatn3?refC=All%20Products&refF=maker_value%3Amade_in_netherlands&sortingHint=true,no handle found
177,1648112861-231,https://www.faire.com/category/All%20Products?filters=maker_value%3Amade_in_netherlands%2Csorting%3Ascore_desc,https://www.faire.com/category/All%20Products?filters=maker_value%3Amade_in_netherlands%2Csorting%3Ascore_desc&page=13,B-tasty,https://www.faire.com/brand/b_f7gtz6vw4w?refC=All%20Products&refF=maker_value%3Amade_in_netherlands&sortingHint=true,no handle found
178,1648112804-2,https://www.faire.com/category/All%20Products?filters=maker_value%3Amade_in_netherlands%2Csorting%3Ascore_desc,,Elate and Co.,https://www.faire.com/brand/b_4mh8xvmd7o?refC=All%20Products&refF=maker_value%3Amade_in_netherlands&sortingHint=true,@elateandco
179,1648112856-214,https://www.faire.com/category/All%20Products?filters=maker_value%3Amade_in_netherlands%2Csorting%3Ascore_desc,https://www.faire.com/category/All%20Products?filters=maker_value%3Amade_in_netherlands%2Csorting%3Ascore_desc&page=12,De Tafel Parasol,https://www.faire.com/brand/b_9bbxfg4s34?refC=All%20Products&refF=maker_value%3Amade_in_netherlands&sortingHint=true,no handle found
180,1648112817-67,https://www.faire.com/category/All%20Products?filters=maker_value%3Amade_in_netherlands%2Csorting%3Ascore_desc,https://www.faire.com/category/All%20Products?filters=maker_value%3Amade_in_netherlands%2Csorting%3Ascore_desc&page=4,The Good Roll,https://www.faire.com/brand/b_d9gacoipi3?refC=All%20Products&refF=maker_value%3Amade_in_netherlands&sortingHint=true,@thegoodroll
181,1648112817-60,https://www.faire.com/category/All%20Products?filters=maker_value%3Amade_in_netherlands%2Csorting%3Ascore_desc,https://www.faire.com/category/All%20Products?filters=maker_value%3Amade_in_netherlands%2Csorting%3Ascore_desc&page=4,DUTCH DILIGHT,https://www.faire.com/brand/b_acdub9jkqb?refC=All%20Products&refF=maker_value%3Amade_in_netherlands&sortingHint=true,@www.instagram.com
182,1648112808-32,https://www.faire.com/category/All%20Products?filters=maker_value%3Amade_in_netherlands%2Csorting%3Ascore_desc,https://www.faire.com/category/All%20Products?filters=maker_value%3Amade_in_netherlands%2Csorting%3Ascore_desc&page=2,Kids-ware Lifestyle,https://www.faire.com/brand/b_4tc06lu1ra?refC=All%20Products&refF=maker_value%3Amade_in_netherlands&sortingHint=true,@kidswarelifestyle
183,1648112866-240,https://www.faire.com/category/All%20Products?filters=maker_value%3Amade_in_netherlands%2Csorting%3Ascore_desc,https://www.faire.com/category/All%20Products?filters=maker_value%3Amade_in_netherlands%2Csorting%3Ascore_desc&page=14,Getekenddoorzusje,https://www.faire.com/brand/b_e8vbvxae4n?refC=All%20Products&refF=maker_value%3Amade_in_netherlands&sortingHint=true,@getekenddoorzusje
184,1648112856-205,https://www.faire.com/category/All%20Products?filters=maker_value%3Amade_in_netherlands%2Csorting%3Ascore_desc,https://www.faire.com/category/All%20Products?filters=maker_value%3Amade_in_netherlands%2Csorting%3Ascore_desc&page=12,Beast Of Paradise,https://www.faire.com/brand/b_ttw5u2naz4?refC=All%20Products&refF=maker_value%3Amade_in_netherlands&sortingHint=true,@beastofparadise
185,1648112813-51,https://www.faire.com/category/All%20Products?filters=maker_value%3Amade_in_netherlands%2Csorting%3Ascore_desc,https://www.faire.com/category/All%20Products?filters=maker_value%3Amade_in_netherlands%2Csorting%3Ascore_desc&page=3,Youall Honest Body Care,https://www.faire.com/brand/b_5cm30dgp1x?refC=All%20Products&refF=maker_value%3Amade_in_netherlands&sortingHint=true,@youall_honest_body_care
186,1648112837-140,https://www.faire.com/category/All%20Products?filters=maker_value%3Amade_in_netherlands%2Csorting%3Ascore_desc,https://www.faire.com/category/All%20Products?filters=maker_value%3Amade_in_netherlands%2Csorting%3Ascore_desc&page=8,letters and lines,https://www.faire.com/brand/b_kacm6abp7d?refC=All%20Products&refF=maker_value%3Amade_in_netherlands&sortingHint=true,@lettersandlines.nl
187,1648112832-115,https://www.faire.com/category/All%20Products?filters=maker_value%3Amade_in_netherlands%2Csorting%3Ascore_desc,https://www.faire.com/category/All%20Products?filters=maker_value%3Amade_in_netherlands%2Csorting%3Ascore_desc&page=7,Art Bizniz,https://www.faire.com/brand/b_wja3d68g79?refC=All%20Products&refF=maker_value%3Amade_in_netherlands&sortingHint=true,no handle found
188,1648112813-43,https://www.faire.com/category/All%20Products?filters=maker_value%3Amade_in_netherlands%2Csorting%3Ascore_desc,https://www.faire.com/category/All%20Products?filters=maker_value%3Amade_in_netherlands%2Csorting%3Ascore_desc&page=3,Miskabags,https://www.faire.com/brand/b_cph8s2ahnd?refC=All%20Products&refF=maker_value%3Amade_in_netherlands&sortingHint=true,@miskabags
189,1648112804-15,https://www.faire.com/category/All%20Products?filters=maker_value%3Amade_in_netherlands%2Csorting%3Ascore_desc,,STOOK porcelain jewelry,https://www.faire.com/brand/b_9tmnp12uaj?refC=All%20Products&refF=maker_value%3Amade_in_netherlands&sortingHint=true,@stook.miannedevries
190,1648112861-230,https://www.faire.com/category/All%20Products?filters=maker_value%3Amade_in_netherlands%2Csorting%3Ascore_desc,https://www.faire.com/category/All%20Products?filters=maker_value%3Amade_in_netherlands%2Csorting%3Ascore_desc&page=13,PureWild,https://www.faire.com/brand/b_uggengbq3y?refC=All%20Products&refF=maker_value%3Amade_in_netherlands&sortingHint=true,@1045
191,1648112861-221,https://www.faire.com/category/All%20Products?filters=maker_value%3Amade_in_netherlands%2Csorting%3Ascore_desc,https://www.faire.com/category/All%20Products?filters=maker_value%3Amade_in_netherlands%2Csorting%3Ascore_desc&page=13,Jake Nutritionals B.V.,https://www.faire.com/brand/b_jk7avj8j8k?refC=All%20Products&refF=maker_value%3Amade_in_netherlands&sortingHint=true,@www.instagram.com
192,1648112813-49,https://www.faire.com/category/All%20Products?filters=maker_value%3Amade_in_netherlands%2Csorting%3Ascore_desc,https://www.faire.com/category/All%20Products?filters=maker_value%3Amade_in_netherlands%2Csorting%3Ascore_desc&page=3,The High Five Company,https://www.faire.com/brand/b_ebebmgxl95?refC=All%20Products&refF=maker_value%3Amade_in_netherlands&sortingHint=true,@thehighfivecompany
193,1648112813-42,https://www.faire.com/category/All%20Products?filters=maker_value%3Amade_in_netherlands%2Csorting%3Ascore_desc,https://www.faire.com/category/All%20Products?filters=maker_value%3Amade_in_netherlands%2Csorting%3Ascore_desc&page=3,Combekk,https://www.faire.com/brand/b_9jfdldl4ig?refC=All%20Products&refF=maker_value%3Amade_in_netherlands&sortingHint=true,@combekk_homeware
194,1648112842-147,https://www.faire.com/category/All%20Products?filters=maker_value%3Amade_in_netherlands%2Csorting%3Ascore_desc,https://www.faire.com/category/All%20Products?filters=maker_value%3Amade_in_netherlands%2Csorting%3Ascore_desc&page=9,Tipo Design,https://www.faire.com/brand/b_wjukfzje3w?refC=All%20Products&refF=maker_value%3Amade_in_netherlands&sortingHint=true,@tipo.design
195,1648112832-124,https://www.faire.com/category/All%20Products?filters=maker_value%3Amade_in_netherlands%2Csorting%3Ascore_desc,https://www.faire.com/category/All%20Products?filters=maker_value%3Amade_in_netherlands%2Csorting%3Ascore_desc&page=7,juffrouw pannenkoek deco,https://www.faire.com/brand/b_fb6aueqzub?refC=All%20Products&refF=maker_value%3Amade_in_netherlands&sortingHint=true,@juffrouwpannenkoekdeco
196,1648112856-206,https://www.faire.com/category/All%20Products?filters=maker_value%3Amade_in_netherlands%2Csorting%3Ascore_desc,https://www.faire.com/category/All%20Products?filters=maker_value%3Amade_in_netherlands%2Csorting%3Ascore_desc&page=12,Drama Nerds,https://www.faire.com/brand/b_34yz9j7pjb?refC=All%20Products&refF=maker_value%3Amade_in_netherlands&sortingHint=true,@drama_nerds_
197,1648112808-33,https://www.faire.com/category/All%20Products?filters=maker_value%3Amade_in_netherlands%2Csorting%3Ascore_desc,https://www.faire.com/category/All%20Products?filters=maker_value%3Amade_in_netherlands%2Csorting%3Ascore_desc&page=2,Bela Donaco,https://www.faire.com/brand/b_4fsnskmwq7?refC=All%20Products&refF=maker_value%3Amade_in_netherlands&sortingHint=true,@BelaDonaco
198,1648112822-77,https://www.faire.com/category/All%20Products?filters=maker_value%3Amade_in_netherlands%2Csorting%3Ascore_desc,https://www.faire.com/category/All%20Products?filters=maker_value%3Amade_in_netherlands%2Csorting%3Ascore_desc&page=5,lm baby art,https://www.faire.com/brand/b_mec8hmke6t?refC=All%20Products&refF=maker_value%3Amade_in_netherlands&sortingHint=true,@lmbabyart.nl
199,1648112856-199,https://www.faire.com/category/All%20Products?filters=maker_value%3Amade_in_netherlands%2Csorting%3Ascore_desc,https://www.faire.com/category/All%20Products?filters=maker_value%3Amade_in_netherlands%2Csorting%3Ascore_desc&page=12,Sferico.nl,https://www.faire.com/brand/b_h49hmrxcdz?refC=All%20Products&refF=maker_value%3Amade_in_netherlands&sortingHint=true,@www.instagram.com
200,1648112813-52,https://www.faire.com/category/All%20Products?filters=maker_value%3Amade_in_netherlands%2Csorting%3Ascore_desc,https://www.faire.com/category/All%20Products?filters=maker_value%3Amade_in_netherlands%2Csorting%3Ascore_desc&page=3,Saint Clairmont,https://www.faire.com/brand/b_clcs2rsjr7?refC=All%20Products&refF=maker_value%3Amade_in_netherlands&sortingHint=true,@Saintclairmont
201,1648112851-194,https://www.faire.com/category/All%20Products?filters=maker_value%3Amade_in_netherlands%2Csorting%3Ascore_desc,https://www.faire.com/category/All%20Products?filters=maker_value%3Amade_in_netherlands%2Csorting%3Ascore_desc&page=11,Moods,https://www.faire.com/brand/b_srrn2sbu3b?refC=All%20Products&refF=maker_value%3Amade_in_netherlands&sortingHint=true,@www.instagram.com
202,1648112808-34,https://www.faire.com/category/All%20Products?filters=maker_value%3Amade_in_netherlands%2Csorting%3Ascore_desc,https://www.faire.com/category/All%20Products?filters=maker_value%3Amade_in_netherlands%2Csorting%3Ascore_desc&page=2,Tessa Swinkels,https://www.faire.com/brand/b_30vmiyqyjc?refC=All%20Products&refF=maker_value%3Amade_in_netherlands&sortingHint=true,@tessaswinkels.bags
203,1648112832-122,https://www.faire.com/category/All%20Products?filters=maker_value%3Amade_in_netherlands%2Csorting%3Ascore_desc,https://www.faire.com/category/All%20Products?filters=maker_value%3Amade_in_netherlands%2Csorting%3Ascore_desc&page=7,Fairytabs,https://www.faire.com/brand/b_pmhrbvbssd?refC=All%20Products&refF=maker_value%3Amade_in_netherlands&sortingHint=true,@Fairytabs
204,1648112847-168,https://www.faire.com/category/All%20Products?filters=maker_value%3Amade_in_netherlands%2Csorting%3Ascore_desc,https://www.faire.com/category/All%20Products?filters=maker_value%3Amade_in_netherlands%2Csorting%3Ascore_desc&page=10,Kanwall,https://www.faire.com/brand/b_gkvy9kpybv?refC=All%20Products&refF=maker_value%3Amade_in_netherlands&sortingHint=true,@kanwall.nl
205,1648112804-7,https://www.faire.com/category/All%20Products?filters=maker_value%3Amade_in_netherlands%2Csorting%3Ascore_desc,,Funky Doris,https://www.faire.com/brand/b_13a4yil0to?refC=All%20Products&refF=maker_value%3Amade_in_netherlands&sortingHint=true,@funkydoris_
206,1648112861-224,https://www.faire.com/category/All%20Products?filters=maker_value%3Amade_in_netherlands%2Csorting%3Ascore_desc,https://www.faire.com/category/All%20Products?filters=maker_value%3Amade_in_netherlands%2Csorting%3Ascore_desc&page=13,Studio Angelart,https://www.faire.com/brand/b_me8cajaxqr?refC=All%20Products&refF=maker_value%3Amade_in_netherlands&sortingHint=true,no handle found
207,1648112822-82,https://www.faire.com/category/All%20Products?filters=maker_value%3Amade_in_netherlands%2Csorting%3Ascore_desc,https://www.faire.com/category/All%20Products?filters=maker_value%3Amade_in_netherlands%2Csorting%3Ascore_desc&page=5,KANE,https://www.faire.com/brand/b_p45wdbugzn?refC=All%20Products&refF=maker_value%3Amade_in_netherlands&sortingHint=true,no handle found
208,1648112817-65,https://www.faire.com/category/All%20Products?filters=maker_value%3Amade_in_netherlands%2Csorting%3Ascore_desc,https://www.faire.com/category/All%20Products?filters=maker_value%3Amade_in_netherlands%2Csorting%3Ascore_desc&page=4,Stalwart Crafts,https://www.faire.com/brand/b_5bz2vz6mfv?refC=All%20Products&refF=maker_value%3Amade_in_netherlands&sortingHint=true,@stalwartcrafts
209,1648112856-202,https://www.faire.com/category/All%20Products?filters=maker_value%3Amade_in_netherlands%2Csorting%3Ascore_desc,https://www.faire.com/category/All%20Products?filters=maker_value%3Amade_in_netherlands%2Csorting%3Ascore_desc&page=12,Aroma Club - Coffee Experience,https://www.faire.com/brand/b_mrepj69t64?refC=All%20Products&refF=maker_value%3Amade_in_netherlands&sortingHint=true,@aroma.club
210,1648112808-25,https://www.faire.com/category/All%20Products?filters=maker_value%3Amade_in_netherlands%2Csorting%3Ascore_desc,https://www.faire.com/category/All%20Products?filters=maker_value%3Amade_in_netherlands%2Csorting%3Ascore_desc&page=2,BuzziSpace,https://www.faire.com/brand/b_7wb7shlx09?refC=All%20Products&refF=maker_value%3Amade_in_netherlands&sortingHint=true,@BuzziSpace
211,1648112817-71,https://www.faire.com/category/All%20Products?filters=maker_value%3Amade_in_netherlands%2Csorting%3Ascore_desc,https://www.faire.com/category/All%20Products?filters=maker_value%3Amade_in_netherlands%2Csorting%3Ascore_desc&page=4,Anna Maria Musch,https://www.faire.com/brand/b_bs1c0oc3td?refC=All%20Products&refF=maker_value%3Amade_in_netherlands&sortingHint=true,@annamariamusch
212,1648112866-245,https://www.faire.com/category/All%20Products?filters=maker_value%3Amade_in_netherlands%2Csorting%3Ascore_desc,https://www.faire.com/category/All%20Products?filters=maker_value%3Amade_in_netherlands%2Csorting%3Ascore_desc&page=14,Real Good Food,https://www.faire.com/brand/b_vpczr7sqc9?refC=All%20Products&refF=maker_value%3Amade_in_netherlands&sortingHint=true,@realgoodfoodnl
213,1648112847-178,https://www.faire.com/category/All%20Products?filters=maker_value%3Amade_in_netherlands%2Csorting%3Ascore_desc,https://www.faire.com/category/All%20Products?filters=maker_value%3Amade_in_netherlands%2Csorting%3Ascore_desc&page=10,FloralKings,https://www.faire.com/brand/b_tj6nz3yb4a?refC=All%20Products&refF=maker_value%3Amade_in_netherlands&sortingHint=true,@floralkings
214,1648112804-14,https://www.faire.com/category/All%20Products?filters=maker_value%3Amade_in_netherlands%2Csorting%3Ascore_desc,,Ted and Tone - Esther Schuivens,https://www.faire.com/brand/b_a0su2uuh?refC=All%20Products&refF=maker_value%3Amade_in_netherlands&sortingHint=true,@tedandtone
215,1648112837-128,https://www.faire.com/category/All%20Products?filters=maker_value%3Amade_in_netherlands%2Csorting%3Ascore_desc,https://www.faire.com/category/All%20Products?filters=maker_value%3Amade_in_netherlands%2Csorting%3Ascore_desc&page=8,liefs jansje,https://www.faire.com/brand/b_pma5xeujkh?refC=All%20Products&refF=maker_value%3Amade_in_netherlands&sortingHint=true,@liefs.jansje
216,1648112861-233,https://www.faire.com/category/All%20Products?filters=maker_value%3Amade_in_netherlands%2Csorting%3Ascore_desc,https://www.faire.com/category/All%20Products?filters=maker_value%3Amade_in_netherlands%2Csorting%3Ascore_desc&page=13,Befold,https://www.faire.com/brand/b_gffebsm5v6?refC=All%20Products&refF=maker_value%3Amade_in_netherlands&sortingHint=true,@befold.design
217,1648112828-95,https://www.faire.com/category/All%20Products?filters=maker_value%3Amade_in_netherlands%2Csorting%3Ascore_desc,https://www.faire.com/category/All%20Products?filters=maker_value%3Amade_in_netherlands%2Csorting%3Ascore_desc&page=6,1915 watches,https://www.faire.com/brand/b_55wkrg2mx6?refC=All%20Products&refF=maker_value%3Amade_in_netherlands&sortingHint=true,@1915watches
218,1648112813-39,https://www.faire.com/category/All%20Products?filters=maker_value%3Amade_in_netherlands%2Csorting%3Ascore_desc,https://www.faire.com/category/All%20Products?filters=maker_value%3Amade_in_netherlands%2Csorting%3Ascore_desc&page=3,The Design Department b.v.,https://www.faire.com/brand/b_4ez8co5sod?refC=All%20Products&refF=maker_value%3Amade_in_netherlands&sortingHint=true,@estahome.co.uk
219,1648112817-56,https://www.faire.com/category/All%20Products?filters=maker_value%3Amade_in_netherlands%2Csorting%3Ascore_desc,https://www.faire.com/category/All%20Products?filters=maker_value%3Amade_in_netherlands%2Csorting%3Ascore_desc&page=4,Ping He Art,https://www.faire.com/brand/b_eo653ts659?refC=All%20Products&refF=maker_value%3Amade_in_netherlands&sortingHint=true,@pinghe_art
220,1648112837-133,https://www.faire.com/category/All%20Products?filters=maker_value%3Amade_in_netherlands%2Csorting%3Ascore_desc,https://www.faire.com/category/All%20Products?filters=maker_value%3Amade_in_netherlands%2Csorting%3Ascore_desc&page=8,Bij Lien!,https://www.faire.com/brand/b_fnprdd3ckv?refC=All%20Products&refF=maker_value%3Amade_in_netherlands&sortingHint=true,@bij_lien
221,1648112837-130,https://www.faire.com/category/All%20Products?filters=maker_value%3Amade_in_netherlands%2Csorting%3Ascore_desc,https://www.faire.com/category/All%20Products?filters=maker_value%3Amade_in_netherlands%2Csorting%3Ascore_desc&page=8,TABOO Sieraden,https://www.faire.com/brand/b_nxpawe9afr?refC=All%20Products&refF=maker_value%3Amade_in_netherlands&sortingHint=true,@taboosieraden
222,1648112837-139,https://www.faire.com/category/All%20Products?filters=maker_value%3Amade_in_netherlands%2Csorting%3Ascore_desc,https://www.faire.com/category/All%20Products?filters=maker_value%3Amade_in_netherlands%2Csorting%3Ascore_desc&page=8,pablo's quinoa revolución,https://www.faire.com/brand/b_rvhxavfm6x?refC=All%20Products&refF=maker_value%3Amade_in_netherlands&sortingHint=true,no handle found
223,1648112866-236,https://www.faire.com/category/All%20Products?filters=maker_value%3Amade_in_netherlands%2Csorting%3Ascore_desc,https://www.faire.com/category/All%20Products?filters=maker_value%3Amade_in_netherlands%2Csorting%3Ascore_desc&page=14,pink cloud studio,https://www.faire.com/brand/b_3p03rvrmfp?refC=All%20Products&refF=maker_value%3Amade_in_netherlands&sortingHint=true,@pinkcloudstudio
224,1648112822-75,https://www.faire.com/category/All%20Products?filters=maker_value%3Amade_in_netherlands%2Csorting%3Ascore_desc,https://www.faire.com/category/All%20Products?filters=maker_value%3Amade_in_netherlands%2Csorting%3Ascore_desc&page=5,Max's Organic Mints,https://www.faire.com/brand/b_n2p5m9gmsz?refC=All%20Products&refF=maker_value%3Amade_in_netherlands&sortingHint=true,@maxsorganicmints
225,1648112866-239,https://www.faire.com/category/All%20Products?filters=maker_value%3Amade_in_netherlands%2Csorting%3Ascore_desc,https://www.faire.com/category/All%20Products?filters=maker_value%3Amade_in_netherlands%2Csorting%3Ascore_desc&page=14,We Love The Planet,https://www.faire.com/brand/b_ehkl4vmfi0?refC=All%20Products&refF=maker_value%3Amade_in_netherlands&sortingHint=true,@welovetheplanet_official
226,1648112842-154,https://www.faire.com/category/All%20Products?filters=maker_value%3Amade_in_netherlands%2Csorting%3Ascore_desc,https://www.faire.com/category/All%20Products?filters=maker_value%3Amade_in_netherlands%2Csorting%3Ascore_desc&page=9,80Noir Ultra,https://www.faire.com/brand/b_aebfx88dg3?refC=All%20Products&refF=maker_value%3Amade_in_netherlands&sortingHint=true,@80noir_ultra
227,1648112851-190,https://www.faire.com/category/All%20Products?filters=maker_value%3Amade_in_netherlands%2Csorting%3Ascore_desc,https://www.faire.com/category/All%20Products?filters=maker_value%3Amade_in_netherlands%2Csorting%3Ascore_desc&page=11,SHAKEMENT,https://www.faire.com/brand/b_epnnvtdp8u?refC=All%20Products&refF=maker_value%3Amade_in_netherlands&sortingHint=true,@shakementmeals
228,1648112817-57,https://www.faire.com/category/All%20Products?filters=maker_value%3Amade_in_netherlands%2Csorting%3Ascore_desc,https://www.faire.com/category/All%20Products?filters=maker_value%3Amade_in_netherlands%2Csorting%3Ascore_desc&page=4,Stitch Amsterdam,https://www.faire.com/brand/b_6f5owbq52d?refC=All%20Products&refF=maker_value%3Amade_in_netherlands&sortingHint=true,@stitchamsterdam.com
229,1648112817-61,https://www.faire.com/category/All%20Products?filters=maker_value%3Amade_in_netherlands%2Csorting%3Ascore_desc,https://www.faire.com/category/All%20Products?filters=maker_value%3Amade_in_netherlands%2Csorting%3Ascore_desc&page=4,By WOOM,https://www.faire.com/brand/b_sdywfe634n?refC=All%20Products&refF=maker_value%3Amade_in_netherlands&sortingHint=true,@by_WOOM
230,1648112813-45,https://www.faire.com/category/All%20Products?filters=maker_value%3Amade_in_netherlands%2Csorting%3Ascore_desc,https://www.faire.com/category/All%20Products?filters=maker_value%3Amade_in_netherlands%2Csorting%3Ascore_desc&page=3,#Moments,https://www.faire.com/brand/b_7683rmbijr?refC=All%20Products&refF=maker_value%3Amade_in_netherlands&sortingHint=true,@slowbeautymoments
231,1648112842-149,https://www.faire.com/category/All%20Products?filters=maker_value%3Amade_in_netherlands%2Csorting%3Ascore_desc,https://www.faire.com/category/All%20Products?filters=maker_value%3Amade_in_netherlands%2Csorting%3Ascore_desc&page=9,Silke-Amsterdam,https://www.faire.com/brand/b_zj5degfzky?refC=All%20Products&refF=maker_value%3Amade_in_netherlands&sortingHint=true,@Silke.Amsterdam
232,1648112828-101,https://www.faire.com/category/All%20Products?filters=maker_value%3Amade_in_netherlands%2Csorting%3Ascore_desc,https://www.faire.com/category/All%20Products?filters=maker_value%3Amade_in_netherlands%2Csorting%3Ascore_desc&page=6,Skosh,https://www.faire.com/brand/b_q82zdff8k8?refC=All%20Products&refF=maker_value%3Amade_in_netherlands&sortingHint=true,@skosh_official
233,1648112828-102,https://www.faire.com/category/All%20Products?filters=maker_value%3Amade_in_netherlands%2Csorting%3Ascore_desc,https://www.faire.com/category/All%20Products?filters=maker_value%3Amade_in_netherlands%2Csorting%3Ascore_desc&page=6,Supernovae.,https://www.faire.com/brand/b_efmh7ahcjy?refC=All%20Products&refF=maker_value%3Amade_in_netherlands&sortingHint=true,@shop_supernovae
234,1648112822-80,https://www.faire.com/category/All%20Products?filters=maker_value%3Amade_in_netherlands%2Csorting%3Ascore_desc,https://www.faire.com/category/All%20Products?filters=maker_value%3Amade_in_netherlands%2Csorting%3Ascore_desc&page=5,Tyro Cosmetics,https://www.faire.com/brand/b_5x6q8856jc?refC=All%20Products&refF=maker_value%3Amade_in_netherlands&sortingHint=true,@tyrocosmeticsofficial
235,1648112828-94,https://www.faire.com/category/All%20Products?filters=maker_value%3Amade_in_netherlands%2Csorting%3Ascore_desc,https://www.faire.com/category/All%20Products?filters=maker_value%3Amade_in_netherlands%2Csorting%3Ascore_desc&page=6,TLF interieurs,https://www.faire.com/brand/b_4tg7qt4rqd?refC=All%20Products&refF=maker_value%3Amade_in_netherlands&sortingHint=true,@www.instagram.com
236,1648112856-200,https://www.faire.com/category/All%20Products?filters=maker_value%3Amade_in_netherlands%2Csorting%3Ascore_desc,https://www.faire.com/category/All%20Products?filters=maker_value%3Amade_in_netherlands%2Csorting%3Ascore_desc&page=12,Studio Paper,https://www.faire.com/brand/b_epb8kpm3gv?refC=All%20Products&refF=maker_value%3Amade_in_netherlands&sortingHint=true,@studiopaper_com
237,1648112832-109,https://www.faire.com/category/All%20Products?filters=maker_value%3Amade_in_netherlands%2Csorting%3Ascore_desc,https://www.faire.com/category/All%20Products?filters=maker_value%3Amade_in_netherlands%2Csorting%3Ascore_desc&page=7,Tera Clay,https://www.faire.com/brand/b_edu6cyhgug?refC=All%20Products&refF=maker_value%3Amade_in_netherlands&sortingHint=true,@teraclaynl
238,1648112808-26,https://www.faire.com/category/All%20Products?filters=maker_value%3Amade_in_netherlands%2Csorting%3Ascore_desc,https://www.faire.com/category/All%20Products?filters=maker_value%3Amade_in_netherlands%2Csorting%3Ascore_desc&page=2,HOT&TOT,https://www.faire.com/brand/b_72kzgykrcw?refC=All%20Products&refF=maker_value%3Amade_in_netherlands&sortingHint=true,@hottotnl
239,1648112828-104,https://www.faire.com/category/All%20Products?filters=maker_value%3Amade_in_netherlands%2Csorting%3Ascore_desc,https://www.faire.com/category/All%20Products?filters=maker_value%3Amade_in_netherlands%2Csorting%3Ascore_desc&page=6,Studio Emo,https://www.faire.com/brand/b_whrcd8k4np?refC=All%20Products&refF=maker_value%3Amade_in_netherlands&sortingHint=true,@studio.emo
240,1648112828-107,https://www.faire.com/category/All%20Products?filters=maker_value%3Amade_in_netherlands%2Csorting%3Ascore_desc,https://www.faire.com/category/All%20Products?filters=maker_value%3Amade_in_netherlands%2Csorting%3Ascore_desc&page=6,Season Blend,https://www.faire.com/brand/b_n7ud4z2at8?refC=All%20Products&refF=maker_value%3Amade_in_netherlands&sortingHint=true,@seasonblend
241,1648112847-172,https://www.faire.com/category/All%20Products?filters=maker_value%3Amade_in_netherlands%2Csorting%3Ascore_desc,https://www.faire.com/category/All%20Products?filters=maker_value%3Amade_in_netherlands%2Csorting%3Ascore_desc&page=10,Rebel.Care,https://www.faire.com/brand/b_7m8ap8v24g?refC=All%20Products&refF=maker_value%3Amade_in_netherlands&sortingHint=true,@rebel.care
242,1648112804-12,https://www.faire.com/category/All%20Products?filters=maker_value%3Amade_in_netherlands%2Csorting%3Ascore_desc,,Annet Weelink Design,https://www.faire.com/brand/b_39ejtly5?refC=All%20Products&refF=maker_value%3Amade_in_netherlands&sortingHint=true,@annet_weelink_design
243,1648112808-31,https://www.faire.com/category/All%20Products?filters=maker_value%3Amade_in_netherlands%2Csorting%3Ascore_desc,https://www.faire.com/category/All%20Products?filters=maker_value%3Amade_in_netherlands%2Csorting%3Ascore_desc&page=2,Bazou,https://www.faire.com/brand/b_9qv2bhnwv6?refC=All%20Products&refF=maker_value%3Amade_in_netherlands&sortingHint=true,@by_bazou
244,1648112842-161,https://www.faire.com/category/All%20Products?filters=maker_value%3Amade_in_netherlands%2Csorting%3Ascore_desc,https://www.faire.com/category/All%20Products?filters=maker_value%3Amade_in_netherlands%2Csorting%3Ascore_desc&page=9,ATVIVhomeprints,https://www.faire.com/brand/b_czm5k5vftf?refC=All%20Products&refF=maker_value%3Amade_in_netherlands&sortingHint=true,no handle found
245,1648112804-1,https://www.faire.com/category/All%20Products?filters=maker_value%3Amade_in_netherlands%2Csorting%3Ascore_desc,,Desired-Design,https://www.faire.com/brand/b_13sbwmprj7?refC=All%20Products&refF=maker_value%3Amade_in_netherlands&sortingHint=true,@desireddesignnl
246,1648112837-129,https://www.faire.com/category/All%20Products?filters=maker_value%3Amade_in_netherlands%2Csorting%3Ascore_desc,https://www.faire.com/category/All%20Products?filters=maker_value%3Amade_in_netherlands%2Csorting%3Ascore_desc&page=8,PSTR Studio,https://www.faire.com/brand/b_fhhbbn2q4e?refC=All%20Products&refF=maker_value%3Amade_in_netherlands&sortingHint=true,@pstr.studio
247,1648112851-183,https://www.faire.com/category/All%20Products?filters=maker_value%3Amade_in_netherlands%2Csorting%3Ascore_desc,https://www.faire.com/category/All%20Products?filters=maker_value%3Amade_in_netherlands%2Csorting%3Ascore_desc&page=11,Laguna Treasures,https://www.faire.com/brand/b_dehpeyszpq?refC=All%20Products&refF=maker_value%3Amade_in_netherlands&sortingHint=true,@www.instagram.com
248,1648112813-46,https://www.faire.com/category/All%20Products?filters=maker_value%3Amade_in_netherlands%2Csorting%3Ascore_desc,https://www.faire.com/category/All%20Products?filters=maker_value%3Amade_in_netherlands%2Csorting%3Ascore_desc&page=3,Baski,https://www.faire.com/brand/b_d327cgvpq9?refC=All%20Products&refF=maker_value%3Amade_in_netherlands&sortingHint=true,@ilovebaski
249,1648112847-169,https://www.faire.com/category/All%20Products?filters=maker_value%3Amade_in_netherlands%2Csorting%3Ascore_desc,https://www.faire.com/category/All%20Products?filters=maker_value%3Amade_in_netherlands%2Csorting%3Ascore_desc&page=10,West Coast General Store,https://www.faire.com/brand/b_hnepmgaaea?refC=All%20Products&refF=maker_value%3Amade_in_netherlands&sortingHint=true,no handle found
250,1648112813-50,https://www.faire.com/category/All%20Products?filters=maker_value%3Amade_in_netherlands%2Csorting%3Ascore_desc,https://www.faire.com/category/All%20Products?filters=maker_value%3Amade_in_netherlands%2Csorting%3Ascore_desc&page=3,Kunstboer,https://www.faire.com/brand/b_4z4x22hvxr?refC=All%20Products&refF=maker_value%3Amade_in_netherlands&sortingHint=true,@de_Kunstboer
251,1648112804-16,https://www.faire.com/category/All%20Products?filters=maker_value%3Amade_in_netherlands%2Csorting%3Ascore_desc,,The Very Good Candle Company,https://www.faire.com/brand/b_c10o7ebco0?refC=All%20Products&refF=maker_value%3Amade_in_netherlands&sortingHint=true,@theverygoodcandleco
